物理站址名,归属,CI,子网ID,5G基站号-网元号,eNodeBID,SectorID-Eutran小区ID,CELLName,CellID-小区号,PCI,TAC,band,UplinkCenterCarrierFrequency,DownlinkCenterCarrierFrequency,下行信道带宽,网元名,经度,纬度,跟序列,方位角,业务IP地址,场景,站型,覆盖类型,,,
盐都区_郭猛民乐_宏站型,盐都,865291_11,320931,14594305,865291,,YC_YD_ZX_郭猛李庄-郭猛民乐_FLD_A_1,11,201,20920,8,909.5,954.5,10(50RB)[3],YC_YD_ZX_郭猛李庄-郭猛民乐_FLD,120.03765,33.23636,7,0,10.112.136.238,,宏站,1,,,
盐都区_郭猛民乐_宏站型,盐都,865291_21,320931,14594305,865291,,YC_YD_ZX_郭猛李庄-郭猛民乐_FLD_B_1,21,202,20920,8,909.5,954.5,10(50RB)[3],YC_YD_ZX_郭猛李庄-郭猛民乐_FLD,120.03765,33.23636,14,120,10.112.136.238,,宏站,1,,,
盐都区_郭猛民乐_宏站型,盐都,865291_31,320931,14594305,865291,,YC_YD_ZX_郭猛李庄-郭猛民乐_FLD_C_1,31,203,20920,8,909.5,954.5,10(50RB)[3],YC_YD_ZX_郭猛李庄-郭猛民乐_FLD,120.03765,33.23636,21,240,10.112.136.238,,宏站,1,,,
北蒋合心村,盐都,865146_11,320931,14594330,865146,1,YC_YD_ZX_北蒋合心村_FLG_A_1,11,249,20920,8,909.5,954.5,10(50RB)[3],YC_YD_ZX_北蒋合心村_FLG,120.001631,33.283161,21,0,,,宏站,1,,,
北蒋合心村,盐都,865146_21,320931,14594330,865146,2,YC_YD_ZX_北蒋合心村_FLG_B_1,21,250,20920,8,909.5,954.5,10(50RB)[3],YC_YD_ZX_北蒋合心村_FLG,120.001631,33.283161,28,120,,,宏站,1,,,
北蒋合心村,盐都,865146_31,320931,14594330,865146,3,YC_YD_ZX_北蒋合心村_FLG_C_1,31,251,20920,8,909.5,954.5,10(50RB)[3],YC_YD_ZX_北蒋合心村_FLG,120.001631,33.283161,35,240,,,宏站,1,,,
大纵湖陈庄村,盐都,865273_31,320931,14594314,865273,31,YC_YD_ZX_大纵湖陈庄村_FLG_C_1,31,368,20920,8,909.5,954.5,10(50RB)[3],YC_YD_ZX_大纵湖陈庄村_FLG,119.853331,33.166389,14,240,,,宏站,1,,,
大纵湖陈庄村,盐都,865273_21,320931,14594314,865273,21,YC_YD_ZX_大纵湖陈庄村_FLG_B_1,21,367,20920,8,909.5,954.5,10(50RB)[3],YC_YD_ZX_大纵湖陈庄村_FLG,119.853331,33.166389,7,110,,,宏站,1,,,
大纵湖陈庄村,盐都,865273_11,320931,14594314,865273,11,YC_YD_ZX_大纵湖陈庄村_FLG_A_1,11,366,20920,8,909.5,954.5,10(50RB)[3],YC_YD_ZX_大纵湖陈庄村_FLG,119.853331,33.166389,0,0,,,宏站,1,,,
郭猛三湾,盐都区,865291_41,320931,14594305,865291,41,YC_YD_ZX_郭猛李庄-郭猛三湾_FLG_A_1,41,96,20920,8,909.5,954.5,10(50RB)[3],YC_YD_ZX_郭猛李庄-郭猛民乐_FLG,120.059961,33.227161,63,0,,,宏站,1,,,
郭猛三湾,盐都区,865291_51,320931,14594305,865291,51,YC_YD_ZX_郭猛李庄-郭猛三湾_FLG_B_1,51,97,20920,8,909.5,954.5,10(50RB)[3],YC_YD_ZX_郭猛李庄-郭猛民乐_FLG,120.059961,33.227161,70,120,,,宏站,1,,,
郭猛三湾,盐都区,865291_61,320931,14594305,865291,61,YC_YD_ZX_郭猛李庄-郭猛三湾_FLG_C_1,61,98,20920,8,909.5,954.5,10(50RB)[3],YC_YD_ZX_郭猛李庄-郭猛民乐_FLG,120.059961,33.227161,77,240,,,宏站,1,,,
盐都区_学富大同村_宏站型,盐都区,865991_11,320931,14594326,865991,11,YC_YD_ZX_盐都学富大同村_FLG_A_1,11,153,20920,8,909.5,954.5,10(50RB)[3],YC_YD_ZX_盐都学富大同村_FLG,119.88582,33.35085,42,0,,,宏站,,,,
盐都区_学富大同村_宏站型,盐都区,865991_21,320931,14594326,865991,21,YC_YD_ZX_盐都学富大同村_FLG_B_1,21,154,20920,8,909.5,954.5,10(50RB)[3],YC_YD_ZX_盐都学富大同村_FLG,119.88582,33.35085,49,120,,,宏站,,,,
盐都区_学富大同村_宏站型,盐都区,865991_31,320931,14594326,865991,31,YC_YD_ZX_盐都学富大同村_FLG_C_1,31,155,20920,8,909.5,954.5,10(50RB)[3],YC_YD_ZX_盐都学富大同村_FLG,119.88582,33.35085,56,240,,,宏站,,,,
三湾,盐都区,865262_11,320931,14594311,865262,11,YC_YD_ZX_三湾_FL_A_1,11,144,20920,8,909.5,954.5,10(50RB)[3],YC_YD_ZX_三湾_FL,120.07399,33.23013,28,0,120.0786996,33.23070071,宏站,1,,,
三湾,盐都区,865262_31,320931,14594311,865262,31,YC_YD_ZX_三湾_FL_C_1,31,146,20920,8,909.5,954.5,10(50RB)[3],YC_YD_ZX_三湾_FL,120.07399,33.23013,42,240,120.0786996,33.23070071,宏站,1,,,
三湾,盐都区,865262_21,320931,14594311,865262,21,YC_YD_ZX_三湾_FL_B_1,21,145,20920,8,909.5,954.5,10(50RB)[3],YC_YD_ZX_三湾_FL,120.07399,33.23013,35,120,120.0786996,33.23070071,宏站,1,,,
盐城_建湖_高作光明人家回迁房,建湖县,865778_31,320939,14596131,865778,31,YC_JH_ZX_建湖高作光明人家回迁房_FL_C_1,31,62,20923,8,909.5,954.5,10(50RB)[3],YC_JH_ZX_建湖高作光明人家回迁房_FL,119.7655268,33.5570384,63,240,,,宏站,1,,,
盐城_建湖_高作光明人家回迁房,建湖县,865778_21,320939,14596131,865778,21,YC_JH_ZX_建湖高作光明人家回迁房_FL_B_1,21,61,20923,8,909.5,954.5,10(50RB)[3],YC_JH_ZX_建湖高作光明人家回迁房_FL,119.7655268,33.5570384,56,120,,,宏站,1,,,
盐城_建湖_高作光明人家回迁房,建湖县,865778_11,320939,14596131,865778,11,YC_JH_ZX_建湖高作光明人家回迁房_FL_A_1,11,60,20923,8,909.5,954.5,10(50RB)[3],YC_JH_ZX_建湖高作光明人家回迁房_FL,119.7655268,33.5570384,49,0,,,宏站,1,,,
盐都区_刘朋小区_宏站型,盐都区,865142_11,320931,14594306,865142,11,YC_YD_ZX_盐都刘朋小区_FL_A_1,11,210,20821,8,909.5,954.5,10(50RB)[3],YC_YD_ZX_盐都刘朋小区_FL,120.125871,33.31942,98,0,,,宏站,1,,,
盐都区_刘朋小区_宏站型,盐都区,865142_21,320931,14594306,865142,21,YC_YD_ZX_盐都刘朋小区_FL_B_1,21,211,20821,8,909.5,954.5,10(50RB)[3],YC_YD_ZX_盐都刘朋小区_FL,120.125871,33.31942,133,120,,,宏站,1,,,
盐都区_刘朋小区_宏站型,盐都区,865142_31,320931,14594306,865142,31,YC_YD_ZX_盐都刘朋小区_FL_C_1,31,212,20821,8,909.5,954.5,10(50RB)[3],YC_YD_ZX_盐都刘朋小区_FL,120.125871,33.31942,140,240,,,宏站,1,,,
盐都区_富力科创城_宏站型,盐都区,865142_41,320931,14594306,865142,41,YC_YD_ZX_盐都富力科技城_FL_A_1,41,84,20821,8,909.5,954.5,10(50RB)[3],YC_YD_ZX_盐都刘朋小区_FL,120.10668,33.31868,35,0,,,宏站,1,,,
盐都区_富力科创城_宏站型,盐都区,865142_51,320931,14594306,865142,51,YC_YD_ZX_盐都富力科技城_FL_B_1,51,85,20821,8,909.5,954.5,10(50RB)[3],YC_YD_ZX_盐都刘朋小区_FL,120.10668,33.31868,49,120,,,宏站,1,,,
盐都区_富力科创城_宏站型,盐都区,865142_61,320931,14594306,865142,61,YC_YD_ZX_盐都富力科技城_FL_C_1,61,86,20821,8,909.5,954.5,10(50RB)[3],YC_YD_ZX_盐都刘朋小区_FL,120.10668,33.31868,70,240,,,宏站,1,,,
高作东站,建湖县,865183_11,320939,14596130,865183,11,YC_JH_ZX_高作东站_FL_A_1,11,207,20923,8,909.5,954.5,10(50RB)[3],YC_JH_ZX_高作东站_FL,119.799701,33.524891,7,10,,,宏站,1,,,
高作东站,建湖县,865183_21,320939,14596130,865183,21,YC_JH_ZX_高作东站_FL_B_1,21,208,20923,8,909.5,954.5,10(50RB)[3],YC_JH_ZX_高作东站_FL,119.799701,33.524891,14,120,,,宏站,1,,,
高作东站,建湖县,865183_31,320939,14596130,865183,31,YC_JH_ZX_高作东站_FL_C_1,31,209,20923,8,909.5,954.5,10(50RB)[3],YC_JH_ZX_高作东站_FL,119.799701,33.524891,28,250,,,宏站,1,,,
特庸白杨村,射阳县,865869_11,320938,14595868,865869,11,YC_SY_ZX_特庸白杨村_FL_A_1,11,366,20924,8,909.5,954.5,10(50RB)[3],YC_SY_ZX_特庸白杨村_FL,120.230831,33.487711,7,5,,,宏站,1,,,
特庸白杨村,射阳县,865869_21,320938,14595868,865869,21,YC_SY_ZX_特庸白杨村_FL_B_1,21,367,20924,8,909.5,954.5,10(50RB)[3],YC_SY_ZX_特庸白杨村_FL,120.230831,33.487711,14,130,,,宏站,1,,,
特庸白杨村,射阳县,865869_31,320938,14595868,865869,31,YC_SY_ZX_特庸白杨村_FL_C_1,31,368,20924,8,909.5,954.5,10(50RB)[3],YC_SY_ZX_特庸白杨村_FL,120.230831,33.487711,21,230,,,宏站,1,,,
青墩地龙村,亭湖区,864317_11,320932,14594072,864317,11,YC_TH_ZX_青墩地龙村_FL_A_1,11,9,20914,8,909.5,954.5,10(50RB)[3],YC_TH_ZX_青墩地龙村_FL,120.17853,33.51488,42,70,,,宏站,1,,,
青墩地龙村,亭湖区,864317_21,320932,14594072,864317,21,YC_TH_ZX_青墩地龙村_FL_B_1,21,10,20914,8,909.5,954.5,10(50RB)[3],YC_TH_ZX_青墩地龙村_FL,120.17853,33.51488,56,235,,,宏站,1,,,
青墩地龙村,亭湖区,864317_31,320932,14594072,864317,31,YC_TH_ZX_青墩地龙村_FL_C_1,31,11,20914,8,909.5,954.5,10(50RB)[3],YC_TH_ZX_青墩地龙村_FL,120.17853,33.51488,63,340,,,宏站,1,,,
草堰工业园区移动,大丰区,865216_11,320934,14594826,865216,11,YC_DF_ZX_草堰工业园区移动_FL_A_1,11,252,20927,8,909.5,954.5,10(50RB)[3],YC_DF_ZX_草堰工业园区移动_FL,120.324381,32.953731,49,0,,,宏站,1,,,
草堰工业园区移动,大丰区,865216_21,320934,14594826,865216,21,YC_DF_ZX_草堰工业园区移动_FL_B_1,21,253,20927,8,909.5,954.5,10(50RB)[3],YC_DF_ZX_草堰工业园区移动_FL,120.324381,32.953731,56,120,,,宏站,1,,,
草堰工业园区移动,大丰区,865216_31,320934,14594826,865216,31,YC_DF_ZX_草堰工业园区移动_FL_C_1,31,254,20927,8,909.5,954.5,10(50RB)[3],YC_DF_ZX_草堰工业园区移动_FL,120.324381,32.953731,77,240,,,宏站,1,,,
大兴张林别墅群,射阳县,865269_11,320938,14595842,865269,11,YC_SY_ZX_大兴张林别墅群_FL_A_1,11,228,20924,8,909.5,954.5,10(50RB)[3],YC_SY_ZX_大兴张林别墅群_FL,120.327468,33.751936,7,0,,,宏站,1,,,
大兴张林别墅群,射阳县,865269_21,320938,14595842,865269,21,YC_SY_ZX_大兴张林别墅群_FL_B_1,21,229,20924,8,909.5,954.5,10(50RB)[3],YC_SY_ZX_大兴张林别墅群_FL,120.327468,33.751936,14,120,,,宏站,1,,,
大兴张林别墅群,射阳县,865269_31,320938,14595842,865269,31,YC_SY_ZX_大兴张林别墅群_FL_C_1,31,230,20924,8,909.5,954.5,10(50RB)[3],YC_SY_ZX_大兴张林别墅群_FL,120.327468,33.751936,28,240,,,宏站,1,,,
洋心村,大丰区,866300_11,320934,14594873,866300,11,YC_DF_ZX_洋心村_FL9_A_1,11,3,20927,8,909.5,954.5,10(50RB)[3],YC_DF_ZX_洋心村_FL9,120.3800479,33.01005171,7,0,,,宏站,1,,,
洋心村,大丰区,866300_21,320934,14594873,866300,21,YC_DF_ZX_洋心村_FL9_B_1,21,4,20927,8,909.5,954.5,10(50RB)[3],YC_DF_ZX_洋心村_FL9,120.3800479,33.01005171,14,120,,,宏站,1,,,
洋心村,大丰区,866300_31,320934,14594873,866300,31,YC_DF_ZX_洋心村_FL9_C_1,31,5,20927,8,909.5,954.5,10(50RB)[3],YC_DF_ZX_洋心村_FL9,120.3800479,33.01005171,56,240,,,宏站,1,,,
高作光明村,建湖县,865400_11,320939,14596103,865400,11,YC_JH_ZX_高作光明村_FL9_A_1,11,24,20923,8,909.5,954.5,10(50RB)[3],YC_JH_ZX_高作光明村_FL9,119.746461,33.560931,0,0,,,宏站,1,,,
高作光明村,建湖县,865400_21,320939,14596103,865400,21,YC_JH_ZX_高作光明村_FL9_B_1,21,25,20923,8,909.5,954.5,10(50RB)[3],YC_JH_ZX_高作光明村_FL9,119.746461,33.560931,7,120,,,宏站,1,,,
高作光明村,建湖县,865400_31,320939,14596103,865400,31,YC_JH_ZX_高作光明村_FL9_C_1,31,26,20923,8,909.5,954.5,10(50RB)[3],YC_JH_ZX_高作光明村_FL9,119.746461,33.560931,14,240,,,宏站,1,,,
塘南村,射阳县,865792_11,320938,14595870,865792,11,YC_SY_ZX_塘南村_FL9_A_1,11,237,20924,8,909.5,954.5,10(50RB)[3],YC_SY_ZX_塘南村_FL9,120.223782,33.598822,28,0,,,宏站,1,,,
塘南村,射阳县,865792_21,320938,14595870,865792,21,YC_SY_ZX_塘南村_FL9_B_1,21,238,20924,8,909.5,954.5,10(50RB)[3],YC_SY_ZX_塘南村_FL9,120.223782,33.598822,35,120,,,宏站,1,,,
塘南村,射阳县,865792_31,320938,14595870,865792,31,YC_SY_ZX_塘南村_FL9_C_1,31,239,20924,8,909.5,954.5,10(50RB)[3],YC_SY_ZX_塘南村_FL9,120.223782,33.598822,42,240,,,宏站,1,,,
大丰市_草堰界中C_宏站型,大丰区,864356_11,320934,14594823,864356,11,YC_DF_ZX_大丰草堰界中C_FL_A_1,11,207,20927,8,909.5,954.5,10(50RB)[3],YC_DF_ZX_大丰草堰界中C_FL,120.3306,32.93876,91,95,,,宏站,1,,,
大丰市_草堰界中C_宏站型,大丰区,864356_21,320934,14594823,864356,21,YC_DF_ZX_大丰草堰界中C_FL_B_1,21,208,20927,8,909.5,954.5,10(50RB)[3],YC_DF_ZX_大丰草堰界中C_FL,120.3306,32.93876,98,215,,,宏站,1,,,
大丰市_草堰界中C_宏站型,大丰区,864356_31,320934,14594823,864356,31,YC_DF_ZX_大丰草堰界中C_FL_C_1,31,209,20927,8,909.5,954.5,10(50RB)[3],YC_DF_ZX_大丰草堰界中C_FL,120.3306,32.93876,105,335,,,宏站,1,,,
射阳县_射兴六队_宏站型,射阳县,864379_11,320938,14595841,864379,11,YC_SY_ZX_射兴六队_FL_A_1,11,255,20924,8,909.5,954.5,10(50RB)[3],YC_SY_ZX_射兴六队_FL,120.2877974,33.75663829,70,340,,,宏站,1,,,
射阳县_射兴六队_宏站型,射阳县,864379_21,320938,14595841,864379,21,YC_SY_ZX_射兴六队_FL_B_1,21,256,20924,8,909.5,954.5,10(50RB)[3],YC_SY_ZX_射兴六队_FL,120.2877974,33.75663829,77,130,,,宏站,1,,,
射阳县_射兴六队_宏站型,射阳县,864379_31,320938,14595841,864379,31,YC_SY_ZX_射兴六队_FL_C_1,31,257,20924,8,909.5,954.5,10(50RB)[3],YC_SY_ZX_射兴六队_FL,120.2877974,33.75663829,91,220,,,宏站,1,,,
射阳_H6中北小学_宏站型,射阳县,865457_11,320938,14595848,865457,11,YC_SY_ZX_射阳_H6中北小学_宏站型_FL_A_1,11,375,20915,8,909.5,954.5,10(50RB)[3],YC_SY_ZX_射阳_H6中北小学_宏站型_FL,120.185001,33.807001,7,0,,,宏站,1,,,
射阳_H6中北小学_宏站型,射阳县,865457_21,320938,14595848,865457,21,YC_SY_ZX_射阳_H6中北小学_宏站型_FL_B_1,21,376,20915,8,909.5,954.5,10(50RB)[3],YC_SY_ZX_射阳_H6中北小学_宏站型_FL,120.185001,33.807001,14,120,,,宏站,1,,,
射阳_H6中北小学_宏站型,射阳县,865457_31,320938,14595848,865457,31,YC_SY_ZX_射阳_H6中北小学_宏站型_FL_C_1,31,377,20915,8,909.5,954.5,10(50RB)[3],YC_SY_ZX_射阳_H6中北小学_宏站型_FL,120.185001,33.807001,28,240,,,宏站,1,,,
海河巨星村,射阳县,865441_11,320938,14595845,865441,11,YC_SY_ZX_海河巨星村_FL9_A_1,11,60,20924,8,909.5,954.5,10(50RB)[3],YC_SY_ZX_海河巨星村_FL9,120.084921,33.723681,0,0,,,宏站,1,,,
海河巨星村,射阳县,865441_21,320938,14595845,865441,21,YC_SY_ZX_海河巨星村_FL9_B_1,21,61,20924,8,909.5,954.5,10(50RB)[3],YC_SY_ZX_海河巨星村_FL9,120.084921,33.723681,7,120,,,宏站,1,,,
海河巨星村,射阳县,865441_31,320938,14595845,865441,31,YC_SY_ZX_海河巨星村_FL9_C_1,31,62,20924,8,909.5,954.5,10(50RB)[3],YC_SY_ZX_海河巨星村_FL9,120.084921,33.723681,14,240,,,宏站,1,,,
合德淮海村,射阳县,865456_11,320938,14595847,865456,11,YC_SY_ZX_合德淮海村_FL9_A_1,11,315,20924,8,909.5,954.5,10(50RB)[3],YC_SY_ZX_合德淮海村_FL9,120.2589,33.7444,7,0,,,宏站,1,,,
合德淮海村,射阳县,865456_21,320938,14595847,865456,21,YC_SY_ZX_合德淮海村_FL9_B_1,21,316,20924,8,909.5,954.5,10(50RB)[3],YC_SY_ZX_合德淮海村_FL9,120.2589,33.7444,14,120,,,宏站,1,,,
合德淮海村,射阳县,865456_31,320938,14595847,865456,31,YC_SY_ZX_合德淮海村_FL9_C_1,31,317,20924,8,909.5,954.5,10(50RB)[3],YC_SY_ZX_合德淮海村_FL9,120.2589,33.7444,28,240,,,宏站,1,,,
L描花节点,大丰区,865494_11,320934,14594842,865494,11,YC_DF_ZX_L描花节点_FL9_A_1,11,261,20927,8,909.5,954.5,10(50RB)[3],YC_DF_ZX_L描花节点_FL9,120.612778,33.229167,0,0,,,宏站,1,,,
L描花节点,大丰区,865494_21,320934,14594842,865494,21,YC_DF_ZX_L描花节点_FL9_B_1,21,262,20927,8,909.5,954.5,10(50RB)[3],YC_DF_ZX_L描花节点_FL9,120.612778,33.229167,7,120,,,宏站,1,,,
L描花节点,大丰区,865494_31,320934,14594842,865494,31,YC_DF_ZX_L描花节点_FL9_C_1,31,263,20927,8,909.5,954.5,10(50RB)[3],YC_DF_ZX_L描花节点_FL9,120.612778,33.229167,14,240,,,宏站,1,,,
白驹工业园,大丰区,865128_11,320934,14594818,865128,11,YC_DF_ZX_白驹工业园_FL9_A_1,11,369,20927,8,909.5,954.5,10(50RB)[3],YC_DF_ZX_白驹工业园_FL9,120.34,33.0813,7,0,,,宏站,1,,,
白驹工业园,大丰区,865128_21,320934,14594818,865128,21,YC_DF_ZX_白驹工业园_FL9_B_1,21,370,20927,8,909.5,954.5,10(50RB)[3],YC_DF_ZX_白驹工业园_FL9,120.34,33.0813,14,120,,,宏站,1,,,
白驹工业园,大丰区,865128_31,320934,14594818,865128,31,YC_DF_ZX_白驹工业园_FL9_C_1,31,371,20927,8,909.5,954.5,10(50RB)[3],YC_DF_ZX_白驹工业园_FL9,120.34,33.0813,21,240,,,宏站,1,,,
盐都区_西港别墅区（中兴电信局）_宏站型,盐都区,866081_11,320931,14594329,866081,11,YC_YD_ZX_西港别墅区_FL_A_1,11,261,20920,8,909.5,954.5,10(50RB)[3],YC_YD_ZX_西港别墅区_FL,119.935105,33.32777,7,0,,,宏站,1,,,
盐都区_西港别墅区（中兴电信局）_宏站型,盐都区,866081_21,320931,14594329,866081,21,YC_YD_ZX_西港别墅区_FL_B_1,21,262,20920,8,909.5,954.5,10(50RB)[3],YC_YD_ZX_西港别墅区_FL,119.935105,33.32777,14,120,,,宏站,1,,,
盐都区_西港别墅区（中兴电信局）_宏站型,盐都区,866081_31,320931,14594329,866081,31,YC_YD_ZX_西港别墅区_FL_C_1,31,263,20920,8,909.5,954.5,10(50RB)[3],YC_YD_ZX_西港别墅区_FL,119.935105,33.32777,21,240,,,宏站,1,,,
南阳祥北,大丰区,865671_11,320934,14594852,865671,11,YC_DF_ZX_南阳祥北_FL9_A_1,11,294,20927,8,909.5,954.5,10(50RB)[3],YC_DF_ZX_南阳祥北_FL9,120.534161,33.106661,0,0,,,宏站,1,,,
南阳祥北,大丰区,865671_21,320934,14594852,865671,21,YC_DF_ZX_南阳祥北_FL9_B_1,21,295,20927,8,909.5,954.5,10(50RB)[3],YC_DF_ZX_南阳祥北_FL9,120.534161,33.106661,7,120,,,宏站,1,,,
南阳祥北,大丰区,865671_31,320934,14594852,865671,31,YC_DF_ZX_南阳祥北_FL9_C_1,31,296,20927,8,909.5,954.5,10(50RB)[3],YC_DF_ZX_南阳祥北_FL9,120.534161,33.106661,14,240,,,宏站,1,,,
跃中村部,射阳县,865761_11,320938,14595862,865761,11,YC_SY_ZX_跃中村部_FL9_A_1,11,273,20924,8,909.5,954.5,10(50RB)[3],YC_SY_ZX_跃中村部_FL9,120.243,33.6479,21,0,,,宏站,1,,,
跃中村部,射阳县,865761_21,320938,14595862,865761,21,YC_SY_ZX_跃中村部_FL9_B_1,21,274,20924,8,909.5,954.5,10(50RB)[3],YC_SY_ZX_跃中村部_FL9,120.243,33.6479,49,120,,,宏站,1,,,
跃中村部,射阳县,865761_31,320938,14595862,865761,31,YC_SY_ZX_跃中村部_FL9_C_1,31,275,20924,8,909.5,954.5,10(50RB)[3],YC_SY_ZX_跃中村部_FL9,120.243,33.6479,56,240,,,宏站,1,,,
新坍二,射阳县,865956_31,320938,14595869,865956,31,YC_SY_ZX_新坍二_FL9_C_1,31,89,20924,8,909.5,954.5,10(50RB)[3],YC_SY_ZX_新坍二_FL9,120.113956,33.639134,14,240,,,宏站,1,,,
新坍二,射阳县,865956_21,320938,14595869,865956,21,YC_SY_ZX_新坍二_FL9_B_1,21,88,20924,8,909.5,954.5,10(50RB)[3],YC_SY_ZX_新坍二_FL9,120.113956,33.639134,7,120,,,宏站,1,,,
新坍二,射阳县,865956_11,320938,14595869,865956,11,YC_SY_ZX_新坍二_FL9_A_1,11,87,20924,8,909.5,954.5,10(50RB)[3],YC_SY_ZX_新坍二_FL9,120.113956,33.639134,0,0,,,宏站,1,,,
西厦安置小区,射阳县,866073_11,320938,14595872,866073,11,YC_SY_ZX_射阳西厦安置小区_FL9_A_1,11,360,20924,8,909.5,954.5,10(50RB)[3],YC_SY_ZX_射阳西厦安置小区_FL9,120.122092,33.535407,0,0,,,宏站,1,,,
西厦安置小区,射阳县,866073_21,320938,14595872,866073,21,YC_SY_ZX_射阳西厦安置小区_FL9_B_1,21,361,20924,8,909.5,954.5,10(50RB)[3],YC_SY_ZX_射阳西厦安置小区_FL9,120.122092,33.535407,7,120,,,宏站,1,,,
西厦安置小区,射阳县,866073_31,320938,14595872,866073,31,YC_SY_ZX_射阳西厦安置小区_FL9_C_1,31,362,20924,8,909.5,954.5,10(50RB)[3],YC_SY_ZX_射阳西厦安置小区_FL9,120.122092,33.535407,14,240,,,宏站,1,,,
东辉利民大桥,射阳县,865792_41,320938,14595870,865792,41,YC_SY_ZX_东辉利民大桥_FL9_A_1,41,96,20924,8,909.5,954.5,10(50RB)[3],YC_SY_ZX_塘南村_FL9,120.282091,33.621931,0,0,,,宏站,1,,,
东辉利民大桥,射阳县,865792_51,320938,14595870,865792,51,YC_SY_ZX_东辉利民大桥_FL9_B_1,51,97,20924,8,909.5,954.5,10(50RB)[3],YC_SY_ZX_塘南村_FL9,120.282091,33.621931,7,120,,,宏站,1,,,
东辉利民大桥,射阳县,865792_61,320938,14595870,865792,61,YC_SY_ZX_东辉利民大桥_FL9_C_1,61,98,20924,8,909.5,954.5,10(50RB)[3],YC_SY_ZX_塘南村_FL9,120.282091,33.621931,14,240,,,宏站,1,,,
建湖县盐连_建湖冈东新风北,建湖县,865497_41,320939,14596101,865497,41,YC_JH_ZX_建湖县盐连_建湖冈东新风北_FL9_A_1,41,213,20923,8,909.5,954.5,10(50RB)[3],YC_JH_ZX_建湖县盐连_建湖冈东村新五组_FL9,120.016022,33.675118,7,0,,,宏站,1,,,
建湖县盐连_建湖冈东新风北,建湖县,865497_51,320939,14596101,865497,51,YC_JH_ZX_建湖县盐连_建湖冈东新风北_FL9_B_1,51,214,20923,8,909.5,954.5,10(50RB)[3],YC_JH_ZX_建湖县盐连_建湖冈东村新五组_FL9,120.016022,33.675118,14,80,,,宏站,1,,,
建湖县盐连_建湖冈东新风北,建湖县,865497_61,320939,14596101,865497,61,YC_JH_ZX_建湖县盐连_建湖冈东新风北_FL9_C_1,61,215,20923,8,909.5,954.5,10(50RB)[3],YC_JH_ZX_建湖县盐连_建湖冈东村新五组_FL9,120.016022,33.675118,28,230,,,宏站,1,,,
建湖县盐连_建湖冈东村新五组,建湖县,865497_11,320939,14596101,865497,11,YC_JH_ZX_建湖县盐连_建湖冈东村新五组_FL9_A_1,11,366,20923,8,909.5,954.5,10(50RB)[3],YC_JH_ZX_建湖县盐连_建湖冈东村新五组_FL9,120.022862,33.665027,35,95,,,宏站,1,,,
建湖县盐连_建湖冈东村新五组,建湖县,865497_21,320939,14596101,865497,21,YC_JH_ZX_建湖县盐连_建湖冈东村新五组_FL9_B_1,21,367,20923,8,909.5,954.5,10(50RB)[3],YC_JH_ZX_建湖县盐连_建湖冈东村新五组_FL9,120.022862,33.665027,42,175,,,宏站,1,,,
建湖县盐连_建湖冈东村新五组,建湖县,865497_31,320939,14596101,865497,31,YC_JH_ZX_建湖县盐连_建湖冈东村新五组_FL9_C_1,31,368,20923,8,909.5,954.5,10(50RB)[3],YC_JH_ZX_建湖县盐连_建湖冈东村新五组_FL9,120.022862,33.665027,49,320,,,宏站,1,,,
裕华海防,大丰区,866069_11,320934,14594872,866069,11,YC_DF_ZX_裕华海防_FL9_A_1,11,90,20927,8,909.5,954.5,10(50RB)[3],YC_DF_ZX_裕华海防_FL9,120.57342,33.22458,21,0,,,宏站,1,,,
裕华海防,大丰区,866069_21,320934,14594872,866069,21,YC_DF_ZX_裕华海防_FL9_B_1,21,91,20927,8,909.5,954.5,10(50RB)[3],YC_DF_ZX_裕华海防_FL9,120.57342,33.22458,28,120,,,宏站,1,,,
裕华海防,大丰区,866069_31,320934,14594872,866069,31,YC_DF_ZX_裕华海防_FL9_C_1,31,92,20927,8,909.5,954.5,10(50RB)[3],YC_DF_ZX_裕华海防_FL9,120.57342,33.22458,35,240,,,宏站,1,,,
射阳滨西八队,射阳县,865684_11,320938,14595857,865684,11,YC_SY_ZX_射阳滨西八队_FL9_A_1,11,249,20924,8,909.5,954.5,10(50RB)[3],YC_SY_ZX_射阳滨西八队_FL9,120.229,33.922,0,0,,,宏站,1,,,
射阳滨西八队,射阳县,865684_31,320938,14595857,865684,31,YC_SY_ZX_射阳滨西八队_FL9_C_1,31,251,20924,8,909.5,954.5,10(50RB)[3],YC_SY_ZX_射阳滨西八队_FL9,120.229,33.922,14,120,,,宏站,1,,,
射阳滨西八队,射阳县,865684_21,320938,14595857,865684,21,YC_SY_ZX_射阳滨西八队_FL9_B_1,21,250,20924,8,909.5,954.5,10(50RB)[3],YC_SY_ZX_射阳滨西八队_FL9,120.229,33.922,7,240,,,宏站,1,,,
金陈村安置社区,亭湖区,866556_11,320932,14594075,866556,11,YC_TH_ZX_亭湖金陈村安置社区_FL9_A_1,11,177,20920,8,909.5,954.5,10(50RB)[3],YC_TH_ZX_亭湖金陈村安置社区_FL9,120.2397887,33.23773756,679,345,,,宏站,1,,,
金陈村安置社区,亭湖区,866556_21,320932,14594075,866556,21,YC_TH_ZX_亭湖金陈村安置社区_FL9_B_1,21,178,20920,8,909.5,954.5,10(50RB)[3],YC_TH_ZX_亭湖金陈村安置社区_FL9,120.2397887,33.23773756,686,50,,,宏站,1,,,
金陈村安置社区,亭湖区,866556_31,320932,14594075,866556,31,YC_TH_ZX_亭湖金陈村安置社区_FL9_C_1,31,183,20920,8,909.5,954.5,10(50RB)[3],YC_TH_ZX_亭湖金陈村安置社区_FL9,120.2397887,33.23773756,693,180,,,宏站,1,,,
金陈村安置社区,亭湖区,866556_41,320932,14594075,866556,41,YC_TH_ZX_亭湖金陈村安置社区_FL9_D_1,41,179,20920,8,909.5,954.5,10(50RB)[3],YC_TH_ZX_亭湖金陈村安置社区_FL9,120.2397887,33.23773756,679,285,,,宏站,1,,,
规划-冈西镇-武家庄,建湖县,865746_11,320939,14596119,865746,11,YC_JH_ZX_规划-冈西镇-武家庄_FL9_A_1,11,324,20923,8,909.5,954.5,10(50RB)[3],YC_JH_ZX_规划-冈西镇-武家庄_FL9,119.974152,33.521531,7,0,,,宏站,1,,,
规划-冈西镇-武家庄,建湖县,865746_21,320939,14596119,865746,21,YC_JH_ZX_规划-冈西镇-武家庄_FL9_B_1,21,325,20923,8,909.5,954.5,10(50RB)[3],YC_JH_ZX_规划-冈西镇-武家庄_FL9,119.974152,33.521531,14,120,,,宏站,1,,,
规划-冈西镇-武家庄,建湖县,865746_31,320939,14596119,865746,31,YC_JH_ZX_规划-冈西镇-武家庄_FL9_C_1,31,326,20923,8,909.5,954.5,10(50RB)[3],YC_JH_ZX_规划-冈西镇-武家庄_FL9,119.974152,33.521531,21,240,,,宏站,1,,,
冈北村,建湖县,865372_11,320939,14596100,865372,11,YC_JH_ZX_冈北村_FL9_A_1,11,63,20923,8,909.5,954.5,10(50RB)[3],YC_JH_ZX_冈北村_FL9,119.978941,33.552541,49,0,,,宏站,1,,,
冈北村,建湖县,865372_21,320939,14596100,865372,21,YC_JH_ZX_冈北村_FL9_B_1,21,64,20923,8,909.5,954.5,10(50RB)[3],YC_JH_ZX_冈北村_FL9,119.978941,33.552541,56,120,,,宏站,1,,,
冈北村,建湖县,865372_31,320939,14596100,865372,31,YC_JH_ZX_冈北村_FL9_C_1,31,65,20923,8,909.5,954.5,10(50RB)[3],YC_JH_ZX_冈北村_FL9,119.978941,33.552541,70,240,,,宏站,1,,,
南庄,建湖县,865673_11,320939,14596114,865673,11,YC_JH_ZX_南庄_FL9_A_1,11,264,20923,8,909.5,954.5,10(50RB)[3],YC_JH_ZX_南庄_FL9,120.003511,33.572121,7,0,,,宏站,1,,,
南庄,建湖县,865673_21,320939,14596114,865673,21,YC_JH_ZX_南庄_FL9_B_1,21,265,20923,8,909.5,954.5,10(50RB)[3],YC_JH_ZX_南庄_FL9,120.003511,33.572121,14,120,,,宏站,1,,,
南庄,建湖县,865673_31,320939,14596114,865673,31,YC_JH_ZX_南庄_FL9_C_1,31,266,20923,8,909.5,954.5,10(50RB)[3],YC_JH_ZX_南庄_FL9,120.003511,33.572121,21,240,,,宏站,1,,,
建港加油站,大丰区,865494_41,320934,14594842,865494,41,YC_DF_ZX_建港加油站_FL9_A_1,41,375,20927,8,909.5,954.5,10(50RB)[3],YC_DF_ZX_L描花节点_FL9,120.633,33.2323,42,0,,,宏站,1,,,
建港加油站,大丰区,865494_51,320934,14594842,865494,51,YC_DF_ZX_建港加油站_FL9_B_1,51,376,20927,8,909.5,954.5,10(50RB)[3],YC_DF_ZX_L描花节点_FL9,120.633,33.2323,49,120,,,宏站,1,,,
建港加油站,大丰区,865494_61,320934,14594842,865494,61,YC_DF_ZX_建港加油站_FL9_C_1,61,377,20927,8,909.5,954.5,10(50RB)[3],YC_DF_ZX_L描花节点_FL9,120.633,33.2323,56,240,,,宏站,1,,,
庆丰北秦村,建湖县,865706_11,320939,14596116,865706,11,YC_JH_ZX_庆丰北秦村_FL9_A_1,11,321,20923,8,909.5,954.5,10(50RB)[3],YC_JH_ZX_庆丰北秦村_FL9,119.90198,33.46819,0,0,,,宏站,1,,,
庆丰北秦村,建湖县,865706_21,320939,14596116,865706,21,YC_JH_ZX_庆丰北秦村_FL9_B_1,21,322,20923,8,909.5,954.5,10(50RB)[3],YC_JH_ZX_庆丰北秦村_FL9,119.90198,33.46819,7,120,,,宏站,1,,,
庆丰北秦村,建湖县,865706_31,320939,14596116,865706,31,YC_JH_ZX_庆丰北秦村_FL9_C_1,31,323,20923,8,909.5,954.5,10(50RB)[3],YC_JH_ZX_庆丰北秦村_FL9,119.90198,33.46819,14,240,,,宏站,1,,,
徐宿淮盐-盐城-新建-33,建湖县,865966_11,320939,14596124,865966,11,YC_JH_ZX_徐宿淮盐-盐城-新建-33_FL9_A_1,11,249,20923,8,909.5,954.5,10(50RB)[3],YC_JH_ZX_徐宿淮盐-盐城-新建-33_FL9,119.92822,33.47036,21,0,,,宏站,1,,,
徐宿淮盐-盐城-新建-33,建湖县,865966_21,320939,14596124,865966,21,YC_JH_ZX_徐宿淮盐-盐城-新建-33_FL9_B_1,21,250,20923,8,909.5,954.5,10(50RB)[3],YC_JH_ZX_徐宿淮盐-盐城-新建-33_FL9,119.92822,33.47036,28,120,,,宏站,1,,,
徐宿淮盐-盐城-新建-33,建湖县,865966_31,320939,14596124,865966,31,YC_JH_ZX_徐宿淮盐-盐城-新建-33_FL9_C_1,31,251,20923,8,909.5,954.5,10(50RB)[3],YC_JH_ZX_徐宿淮盐-盐城-新建-33_FL9,119.92822,33.47036,35,240,,,宏站,1,,,
蒋营收成村,建湖县,865511_11,320939,14596110,865511,11,YC_JH_ZX_蒋营收成村_FL9_A_1,11,261,20923,8,909.5,954.5,10(50RB)[3],YC_JH_ZX_蒋营收成村_FL9,119.653611,33.440486,21,0,,,宏站,1,,,
蒋营收成村,建湖县,865511_21,320939,14596110,865511,21,YC_JH_ZX_蒋营收成村_FL9_B_1,21,262,20923,8,909.5,954.5,10(50RB)[3],YC_JH_ZX_蒋营收成村_FL9,119.653611,33.440486,28,120,,,宏站,1,,,
蒋营收成村,建湖县,865511_31,320939,14596110,865511,31,YC_JH_ZX_蒋营收成村_FL9_C_1,31,263,20923,8,909.5,954.5,10(50RB)[3],YC_JH_ZX_蒋营收成村_FL9,119.653611,33.440486,35,240,,,宏站,1,,,
规划-高作镇-马家墩,建湖县,865427_11,320939,14596105,865427,11,YC_JH_ZX_规划-高作镇-马家墩_FL9_A_1,11,198,20923,8,909.5,954.5,10(50RB)[3],YC_JH_ZX_规划-高作镇-马家墩_FL9,119.748,33.593,21,0,,,宏站,1,,,
规划-高作镇-马家墩,建湖县,865427_21,320939,14596105,865427,21,YC_JH_ZX_规划-高作镇-马家墩_FL9_B_1,21,199,20923,8,909.5,954.5,10(50RB)[3],YC_JH_ZX_规划-高作镇-马家墩_FL9,119.748,33.593,28,120,,,宏站,1,,,
规划-高作镇-马家墩,建湖县,865427_31,320939,14596105,865427,31,YC_JH_ZX_规划-高作镇-马家墩_FL9_C_1,31,200,20923,8,909.5,954.5,10(50RB)[3],YC_JH_ZX_规划-高作镇-马家墩_FL9,119.748,33.593,35,240,,,宏站,1,,,
蒋营城南村,建湖县,865507_11,320939,14596109,865507,11,YC_JH_ZX_蒋营城南村_FL9_A_1,11,78,20923,8,909.5,954.5,10(50RB)[3],YC_JH_ZX_蒋营城南村_FL9,119.632,33.4399,42,0,,,宏站,1,,,
蒋营城南村,建湖县,865507_21,320939,14596109,865507,21,YC_JH_ZX_蒋营城南村_FL9_B_1,21,79,20923,8,909.5,954.5,10(50RB)[3],YC_JH_ZX_蒋营城南村_FL9,119.632,33.4399,49,120,,,宏站,1,,,
蒋营城南村,建湖县,865507_31,320939,14596109,865507,31,YC_JH_ZX_蒋营城南村_FL9_C_1,31,80,20923,8,909.5,954.5,10(50RB)[3],YC_JH_ZX_蒋营城南村_FL9,119.632,33.4399,56,240,,,宏站,1,,,
射阳县_H6射阳金海岛二大渠_宏站型,射阳县,865756_11,320938,14595861,865756,11,YC_SY_ZX_射阳金海岛二大渠_FL9_A_1,11,300,20924,8,909.5,954.5,10(50RB)[3],YC_SY_ZX_射阳金海岛二大渠_FL9,120.45647,33.78675,0,340,,,宏站,1,,,
射阳县_H6射阳金海岛二大渠_宏站型,射阳县,865756_21,320938,14595861,865756,21,YC_SY_ZX_射阳金海岛二大渠_FL9_B_1,21,301,20924,8,909.5,954.5,10(50RB)[3],YC_SY_ZX_射阳金海岛二大渠_FL9,120.45647,33.78675,7,120,,,宏站,1,,,
射阳县_H6射阳金海岛二大渠_宏站型,射阳县,865756_31,320938,14595861,865756,31,YC_SY_ZX_射阳金海岛二大渠_FL9_C_1,31,302,20924,8,909.5,954.5,10(50RB)[3],YC_SY_ZX_射阳金海岛二大渠_FL9,120.45647,33.78675,14,240,,,宏站,1,,,
荡中,建湖县,865276_11,320939,14596099,865276,11,YC_JH_ZX_荡中_FL9_A_1,11,330,20923,8,909.5,954.5,10(50RB)[3],YC_JH_ZX_荡中_FL9,119.686319,33.499514,0,0,,,宏站,1,,,
荡中,建湖县,865276_21,320939,14596099,865276,21,YC_JH_ZX_荡中_FL9_B_1,21,331,20923,8,909.5,954.5,10(50RB)[3],YC_JH_ZX_荡中_FL9,119.686319,33.499514,7,120,,,宏站,1,,,
荡中,建湖县,865276_31,320939,14596099,865276,31,YC_JH_ZX_荡中_FL9_C_1,31,332,20923,8,909.5,954.5,10(50RB)[3],YC_JH_ZX_荡中_FL9,119.686319,33.499514,14,240,,,宏站,1,,,
龙堤车滩,大丰区,866059_11,320934,14594871,866059,11,YC_DF_ZX_龙堤车滩_FL9_A_1,11,285,20927,8,909.5,954.5,10(50RB)[3],YC_DF_ZX_龙堤车滩_FL9,120.317718,33.252831,7,0,,,宏站,1,,,
龙堤车滩,大丰区,866059_21,320934,14594871,866059,21,YC_DF_ZX_龙堤车滩_FL9_B_1,21,286,20927,8,909.5,954.5,10(50RB)[3],YC_DF_ZX_龙堤车滩_FL9,120.317718,33.252831,14,120,,,宏站,1,,,
龙堤车滩,大丰区,866059_31,320934,14594871,866059,31,YC_DF_ZX_龙堤车滩_FL9_C_1,31,287,20927,8,909.5,954.5,10(50RB)[3],YC_DF_ZX_龙堤车滩_FL9,120.317718,33.252831,21,240,,,宏站,1,,,
射阳县_射阳港南_宏站型,射阳县,866555_11,320938,14595873,866555,11,YC_SY_ZX_射阳港南_FL9_A_1,11,162,20924,8,909.5,954.5,10(50RB)[3],YC_SY_ZX_射阳港南_FL9,120.445833,33.821388,21,0,,,宏站,1,,,
射阳县_射阳港南_宏站型,射阳县,866555_21,320938,14595873,866555,21,YC_SY_ZX_射阳港南_FL9_B_1,21,163,20924,8,909.5,954.5,10(50RB)[3],YC_SY_ZX_射阳港南_FL9,120.445833,33.821388,28,120,,,宏站,1,,,
射阳县_射阳港南_宏站型,射阳县,866555_31,320938,14595873,866555,31,YC_SY_ZX_射阳港南_FL9_C_1,31,164,20924,8,909.5,954.5,10(50RB)[3],YC_SY_ZX_射阳港南_FL9,120.445833,33.821388,35,210,,,宏站,1,,,
龙堤大团,大丰区,865577_11,320934,14594845,865577,11,YC_DF_ZX_龙堤大团_FL9_A_1,11,273,20927,8,909.5,954.5,10(50RB)[3],YC_DF_ZX_龙堤大团_FL9,120.295225,33.235364,35,0,,,宏站,1,,,
龙堤大团,大丰区,865577_21,320934,14594845,865577,21,YC_DF_ZX_龙堤大团_FL9_B_1,21,274,20927,8,909.5,954.5,10(50RB)[3],YC_DF_ZX_龙堤大团_FL9,120.295225,33.235364,49,120,,,宏站,1,,,
龙堤大团,大丰区,865577_31,320934,14594845,865577,31,YC_DF_ZX_龙堤大团_FL9_C_1,31,275,20927,8,909.5,954.5,10(50RB)[3],YC_DF_ZX_龙堤大团_FL9,120.295225,33.235364,56,240,,,宏站,1,,,
射阳海通北,射阳县,865559_11,320938,14595851,865559,11,YC_SY_ZX_射阳海通北_FL9_A_1,11,306,20924,8,909.5,954.5,10(50RB)[3],YC_SY_ZX_射阳海通北_FL9,120.338851,33.839651,21,50,,,宏站,1,,,
射阳海通北,射阳县,865559_21,320938,14595851,865559,21,YC_SY_ZX_射阳海通北_FL9_B_1,21,307,20924,8,909.5,954.5,10(50RB)[3],YC_SY_ZX_射阳海通北_FL9,120.338851,33.839651,28,250,,,宏站,1,,,
射阳海通北,射阳县,865559_31,320938,14595851,865559,31,YC_SY_ZX_射阳海通北_FL9_C_1,31,308,20924,8,909.5,954.5,10(50RB)[3],YC_SY_ZX_射阳海通北_FL9,120.338851,33.839651,35,350,,,宏站,1,,,
陆集西,滨海县,865601_11,320936,14595347,865601,11,YC_BH_ZX_陆集西_FL9_A_1,11,54,20925,8,909.5,954.5,10(50RB)[3],YC_BH_ZX_陆集西_FL9,119.910859,34.163541,21,0,,,宏站,1,,,
陆集西,滨海县,865601_21,320936,14595347,865601,21,YC_BH_ZX_陆集西_FL9_B_1,21,55,20925,8,909.5,954.5,10(50RB)[3],YC_BH_ZX_陆集西_FL9,119.910859,34.163541,28,120,,,宏站,1,,,
陆集西,滨海县,865601_31,320936,14595347,865601,31,YC_BH_ZX_陆集西_FL9_C_1,31,56,20925,8,909.5,954.5,10(50RB)[3],YC_BH_ZX_陆集西_FL9,119.910859,34.163541,35,240,,,宏站,1,,,
滨海县_陆集东_宏站型,滨海县,865601_41,320936,14595347,865601,41,YC_BH_ZX_陆集东_FL9_A_1,41,105,20925,8,909.5,954.5,10(50RB)[3],YC_BH_ZX_陆集西_FL9,119.95071,34.14241,63,0,,,宏站,1,,,
滨海县_陆集东_宏站型,滨海县,865601_51,320936,14595347,865601,51,YC_BH_ZX_陆集东_FL9_B_1,51,106,20925,8,909.5,954.5,10(50RB)[3],YC_BH_ZX_陆集西_FL9,119.95071,34.14241,70,120,,,宏站,1,,,
滨海县_陆集东_宏站型,滨海县,865601_61,320936,14595347,865601,61,YC_BH_ZX_陆集东_FL9_C_1,61,107,20925,8,909.5,954.5,10(50RB)[3],YC_BH_ZX_陆集西_FL9,119.95071,34.14241,77,240,,,宏站,1,,,
滨海县_滨海陆集黄庄村_宏站型,滨海县,865601_71,320936,14595347,865601,71,YC_BH_ZX_陆集黄庄村_FL9_A_1,71,378,20925,8,909.5,954.5,10(50RB)[3],YC_BH_ZX_陆集西_FL9,119.9716,34.1385,0,0,,,宏站,1,,,
滨海县_滨海陆集黄庄村_宏站型,滨海县,865601_81,320936,14595347,865601,81,YC_BH_ZX_陆集黄庄村_FL9_B_1,81,379,20925,8,909.5,954.5,10(50RB)[3],YC_BH_ZX_陆集西_FL9,119.9716,34.1385,7,120,,,宏站,1,,,
滨海县_滨海陆集黄庄村_宏站型,滨海县,865601_91,320936,14595347,865601,91,YC_BH_ZX_陆集黄庄村_FL9_C_1,91,380,20925,8,909.5,954.5,10(50RB)[3],YC_BH_ZX_陆集西_FL9,119.9716,34.1385,14,240,,,宏站,1,,,
L新丰西,大丰区,865501_11,320934,14594843,865501,11,YC_DF_ZX_L新丰西_FL9_A_1,11,339,20927,8,909.5,954.5,10(50RB)[3],YC_DF_ZX_L新丰西_FL9,120.409,33.2564,7,0,,,宏站,1,,,
L新丰西,大丰区,865501_21,320934,14594843,865501,21,YC_DF_ZX_L新丰西_FL9_B_1,21,340,20927,8,909.5,954.5,10(50RB)[3],YC_DF_ZX_L新丰西_FL9,120.409,33.2564,14,120,,,宏站,1,,,
L新丰西,大丰区,865501_31,320934,14594843,865501,31,YC_DF_ZX_L新丰西_FL9_C_1,31,341,20927,8,909.5,954.5,10(50RB)[3],YC_DF_ZX_L新丰西_FL9,120.409,33.2564,21,240,,,宏站,1,,,
方强长坍村,大丰区,865323_11,320934,14594838,865323,11,YC_DF_ZX_方强长坍村_FL9_A_1,11,231,20927,8,909.5,954.5,10(50RB)[3],YC_DF_ZX_方强长坍村_FL9,120.382,33.3682,21,0,,,宏站,1,,,
方强长坍村,大丰区,865323_21,320934,14594838,865323,21,YC_DF_ZX_方强长坍村_FL9_B_1,21,232,20927,8,909.5,954.5,10(50RB)[3],YC_DF_ZX_方强长坍村_FL9,120.382,33.3682,28,120,,,宏站,1,,,
方强长坍村,大丰区,865323_31,320934,14594838,865323,31,YC_DF_ZX_方强长坍村_FL9_C_1,31,233,20927,8,909.5,954.5,10(50RB)[3],YC_DF_ZX_方强长坍村_FL9,120.382,33.3682,35,240,,,宏站,1,,,
新丰乐丰,大丰区,865942_11,320934,14594870,865942,11,YC_DF_ZX_新丰乐丰_FL9_A_1,11,300,20927,8,909.5,954.5,10(50RB)[3],YC_DF_ZX_新丰乐丰_FL9,120.493291,33.292651,0,0,,,宏站,1,,,
新丰乐丰,大丰区,865942_21,320934,14594870,865942,21,YC_DF_ZX_新丰乐丰_FL9_B_1,21,301,20927,8,909.5,954.5,10(50RB)[3],YC_DF_ZX_新丰乐丰_FL9,120.493291,33.292651,7,120,,,宏站,1,,,
新丰乐丰,大丰区,865942_31,320934,14594870,865942,31,YC_DF_ZX_新丰乐丰_FL9_C_1,31,302,20927,8,909.5,954.5,10(50RB)[3],YC_DF_ZX_新丰乐丰_FL9,120.493291,33.292651,14,240,,,宏站,1,,,
杨成,建湖县,866029_11,320939,14596129,866029,11,YC_JH_ZX_杨成_FL9_A_1,11,24,20923,8,909.5,954.5,10(50RB)[3],YC_JH_ZX_杨成_FL9,119.878779,33.367919,7,20,,,宏站,1,,,
杨成,建湖县,866029_21,320939,14596129,866029,21,YC_JH_ZX_杨成_FL9_B_1,21,25,20923,8,909.5,954.5,10(50RB)[3],YC_JH_ZX_杨成_FL9,119.878779,33.367919,14,140,,,宏站,1,,,
杨成,建湖县,866029_31,320939,14596129,866029,31,YC_JH_ZX_杨成_FL9_C_1,31,26,20923,8,909.5,954.5,10(50RB)[3],YC_JH_ZX_杨成_FL9,119.878779,33.367919,21,280,,,宏站,1,,,
规划1093,射阳县,865440_11,320938,14595844,865440,11,YC_SY_ZX_规划1093_FL9_A_1,11,207,20924,8,909.5,954.5,10(50RB)[3],YC_SY_ZX_规划1093_FL9,120.04736,33.77808,0,0,,,宏站,1,,,
规划1093,射阳县,865440_21,320938,14595844,865440,21,YC_SY_ZX_规划1093_FL9_B_1,21,208,20924,8,909.5,954.5,10(50RB)[3],YC_SY_ZX_规划1093_FL9,120.04736,33.77808,7,120,,,宏站,1,,,
规划1093,射阳县,865440_31,320938,14595844,865440,31,YC_SY_ZX_规划1093_FL9_C_1,31,209,20924,8,909.5,954.5,10(50RB)[3],YC_SY_ZX_规划1093_FL9,120.04736,33.77808,14,240,,,宏站,1,,,
亭湖区_青墩才堂村_宏站型,亭湖区,864317_41,320932,14594072,864317,41,YC_TH_ZX_青墩才堂村_FL9_A_1,41,168,20914,8,909.5,954.5,10(50RB)[3],YC_TH_ZX_青墩地龙村_FL9,120.15419,33.50842,21,0,,,宏站,1,,,
亭湖区_青墩才堂村_宏站型,亭湖区,864317_51,320932,14594072,864317,51,YC_TH_ZX_青墩才堂村_FL9_B_1,51,169,20914,8,909.5,954.5,10(50RB)[3],YC_TH_ZX_青墩地龙村_FL9,120.15419,33.50842,28,120,,,宏站,1,,,
亭湖区_青墩才堂村_宏站型,亭湖区,864317_61,320932,14594072,864317,61,YC_TH_ZX_青墩才堂村_FL9_C_1,61,170,20914,8,909.5,954.5,10(50RB)[3],YC_TH_ZX_青墩地龙村_FL9,120.15419,33.50842,35,240,,,宏站,1,,,
平建新建村,响水县,865681_11,320935,14595083,865681,11,YC_XS_ZX_平建新建村_FL9_A_1,11,129,20409,8,909.5,954.5,10(50RB)[3],YC_XS_ZX_平建新建村_FL9,119.857801,34.217001,21,0,,,宏站,1,,,
平建新建村,响水县,865681_21,320935,14595083,865681,21,YC_XS_ZX_平建新建村_FL9_B_1,21,130,20409,8,909.5,954.5,10(50RB)[3],YC_XS_ZX_平建新建村_FL9,119.857801,34.217001,28,120,,,宏站,1,,,
平建新建村,响水县,865681_31,320935,14595083,865681,31,YC_XS_ZX_平建新建村_FL9_C_1,31,131,20409,8,909.5,954.5,10(50RB)[3],YC_XS_ZX_平建新建村_FL9,119.857801,34.217001,35,240,,,宏站,1,,,
双垛,大丰区,865132_11,320934,14594820,865132,11,YC_DF_ZX_双垛_FL9_A_1,11,366,20927,8,909.5,954.5,10(50RB)[3],YC_DF_ZX_双垛_FL9,120.351666,32.966944,0,0,,,宏站,1,,,
双垛,大丰区,865132_21,320934,14594820,865132,21,YC_DF_ZX_双垛_FL9_B_1,21,367,20927,8,909.5,954.5,10(50RB)[3],YC_DF_ZX_双垛_FL9,120.351666,32.966944,28,120,,,宏站,1,,,
双垛,大丰区,865132_31,320934,14594820,865132,31,YC_DF_ZX_双垛_FL9_C_1,31,368,20927,8,909.5,954.5,10(50RB)[3],YC_DF_ZX_双垛_FL9,120.351666,32.966944,35,240,,,宏站,1,,,
小海段高速,大丰区,865931_11,320934,14594868,865931,11,YC_DF_ZX_小海段高速_FL9_A_1,11,330,20927,8,909.5,954.5,10(50RB)[3],YC_DF_ZX_小海段高速_FL9,120.396,33.0558,0,0,,,宏站,1,,,
小海段高速,大丰区,865931_21,320934,14594868,865931,21,YC_DF_ZX_小海段高速_FL9_B_1,21,331,20927,8,909.5,954.5,10(50RB)[3],YC_DF_ZX_小海段高速_FL9,120.396,33.0558,42,120,,,宏站,1,,,
小海段高速,大丰区,865931_31,320934,14594868,865931,31,YC_DF_ZX_小海段高速_FL9_C_1,31,332,20927,8,909.5,954.5,10(50RB)[3],YC_DF_ZX_小海段高速_FL9,120.396,33.0558,49,240,,,宏站,1,,,
青墩月青,亭湖区,864317_71,320932,14594072,864317,71,YC_TH_ZX_亭湖青墩月青_FL9_A_1,71,264,20914,8,909.5,954.5,10(50RB)[3],YC_TH_ZX_青墩地龙村_FL9,120.19358,33.4772,91,320,,,宏站,1,,,
青墩月青,亭湖区,864317_81,320932,14594072,864317,81,YC_TH_ZX_亭湖青墩月青_FL9_B_1,81,265,20914,8,909.5,954.5,10(50RB)[3],YC_TH_ZX_青墩地龙村_FL9,120.19358,33.4772,105,120,,,宏站,1,,,
青墩月青,亭湖区,864317_91,320932,14594072,864317,91,YC_TH_ZX_亭湖青墩月青_FL9_C_1,91,266,20914,8,909.5,954.5,10(50RB)[3],YC_TH_ZX_青墩地龙村_FL9,120.19358,33.4772,112,220,,,宏站,1,,,
白驹驾校,大丰区,865129_11,320934,14594819,865129,11,YC_DF_ZX_白驹驾校_FL9_A_1,11,378,20927,8,909.5,954.5,10(50RB)[3],YC_DF_ZX_白驹驾校_FL9,120.308125,33.03101,0,0,,,宏站,1,,,
白驹驾校,大丰区,865129_21,320934,14594819,865129,21,YC_DF_ZX_白驹驾校_FL9_B_1,21,379,20927,8,909.5,954.5,10(50RB)[3],YC_DF_ZX_白驹驾校_FL9,120.308125,33.03101,7,120,,,宏站,1,,,
白驹驾校,大丰区,865129_31,320934,14594819,865129,31,YC_DF_ZX_白驹驾校_FL9_C_1,31,380,20927,8,909.5,954.5,10(50RB)[3],YC_DF_ZX_白驹驾校_FL9,120.308125,33.03101,14,240,,,宏站,1,,,
大丰市_南团新北一队_宏站型,大丰区,865665_11,320934,14594850,865665,11,YC_DF_ZX_大丰南团新北一队_FL9_A_1,11,156,20927,8,909.5,954.5,10(50RB)[3],YC_DF_ZX_大丰南团新北一队_FL9,120.509,33.087,28,0,,,宏站,1,,,
大丰市_南团新北一队_宏站型,大丰区,865665_21,320934,14594850,865665,21,YC_DF_ZX_大丰南团新北一队_FL9_B_1,21,157,20927,8,909.5,954.5,10(50RB)[3],YC_DF_ZX_大丰南团新北一队_FL9,120.509,33.087,35,240,,,宏站,1,,,
大丰市_南团新北一队_宏站型,大丰区,865665_31,320934,14594850,865665,31,YC_DF_ZX_大丰南团新北一队_FL9_C_1,31,158,20927,8,909.5,954.5,10(50RB)[3],YC_DF_ZX_大丰南团新北一队_FL9,120.509,33.087,42,90,,,宏站,1,,,
条房,响水县,866087_11,320935,14595097,866087,11,YC_XS_ZX_条房_FL9_A_1,11,90,20409,8,909.5,954.5,10(50RB)[3],YC_XS_ZX_条房_FL9,119.536172,34.132022,0,0,,,宏站,1,,,
条房,响水县,866087_21,320935,14595097,866087,21,YC_XS_ZX_条房_FL9_B_1,21,91,20409,8,909.5,954.5,10(50RB)[3],YC_XS_ZX_条房_FL9,119.536172,34.132022,7,120,,,宏站,1,,,
条房,响水县,866087_31,320935,14595097,866087,31,YC_XS_ZX_条房_FL9_C_1,31,92,20409,8,909.5,954.5,10(50RB)[3],YC_XS_ZX_条房_FL9,119.536172,34.132022,14,240,,,宏站,1,,,
响水县_南河河西_宏站型,响水县,865685_11,320935,14595084,865685,11,YC_XS_ZX_响水南河河西_FL9_A_1,11,12,20409,8,909.5,954.5,10(50RB)[3],YC_XS_ZX_响水南河河西_FL9,119.780277,34.184722,28,0,,,宏站,1,,,
响水县_南河河西_宏站型,响水县,865685_21,320935,14595084,865685,21,YC_XS_ZX_响水南河河西_FL9_B_1,21,13,20409,8,909.5,954.5,10(50RB)[3],YC_XS_ZX_响水南河河西_FL9,119.780277,34.184722,35,120,,,宏站,1,,,
响水县_南河河西_宏站型,响水县,865685_31,320935,14595084,865685,31,YC_XS_ZX_响水南河河西_FL9_C_1,31,14,20409,8,909.5,954.5,10(50RB)[3],YC_XS_ZX_响水南河河西_FL9,119.780277,34.184722,49,240,,,宏站,1,,,
H2大丰丰富富强_C电信,大丰区,865727_11,320934,14594854,865727,11,YC_DF_ZX_H2大丰丰富富强_C电信_FL9_A_1,11,282,20927,8,909.5,954.5,10(50RB)[3],YC_DF_ZX_H2大丰丰富富强_C电信_FL9,120.463371,33.405401,49,0,,,宏站,1,,,
H2大丰丰富富强_C电信,大丰区,865727_21,320934,14594854,865727,21,YC_DF_ZX_H2大丰丰富富强_C电信_FL9_B_1,21,283,20927,8,909.5,954.5,10(50RB)[3],YC_DF_ZX_H2大丰丰富富强_C电信_FL9,120.463371,33.405401,56,120,,,宏站,1,,,
H2大丰丰富富强_C电信,大丰区,865727_31,320934,14594854,865727,31,YC_DF_ZX_H2大丰丰富富强_C电信_FL9_C_1,31,284,20927,8,909.5,954.5,10(50RB)[3],YC_DF_ZX_H2大丰丰富富强_C电信_FL9,120.463371,33.405401,63,240,,,宏站,1,,,
L万盈兆丰,大丰区,865897_11,320934,14594863,865897,11,YC_DF_ZX_L万盈兆丰_FL9_A_1,11,57,20927,8,909.5,954.5,10(50RB)[3],YC_DF_ZX_L万盈兆丰_FL9,120.598,33.0222,35,0,,,宏站,1,,,
L万盈兆丰,大丰区,865897_21,320934,14594863,865897,21,YC_DF_ZX_L万盈兆丰_FL9_B_1,21,58,20927,8,909.5,954.5,10(50RB)[3],YC_DF_ZX_L万盈兆丰_FL9,120.598,33.0222,49,120,,,宏站,1,,,
L万盈兆丰,大丰区,865897_31,320934,14594863,865897,31,YC_DF_ZX_L万盈兆丰_FL9_C_1,31,59,20927,8,909.5,954.5,10(50RB)[3],YC_DF_ZX_L万盈兆丰_FL9,120.598,33.0222,56,240,,,宏站,1,,,
大丰_北团五队_宏站型,大丰区,865258_11,320934,14594831,865258,11,YC_DF_ZX_大丰_北团五队_宏站型_FL9_A_1,11,297,20927,8,909.5,954.5,10(50RB)[3],YC_DF_ZX_大丰_北团五队_宏站型_FL9,120.449,33.141,35,0,,,宏站,1,,,
大丰_北团五队_宏站型,大丰区,865258_21,320934,14594831,865258,21,YC_DF_ZX_大丰_北团五队_宏站型_FL9_B_1,21,298,20927,8,909.5,954.5,10(50RB)[3],YC_DF_ZX_大丰_北团五队_宏站型_FL9,120.449,33.141,63,120,,,宏站,1,,,
大丰_北团五队_宏站型,大丰区,865258_31,320934,14594831,865258,31,YC_DF_ZX_大丰_北团五队_宏站型_FL9_C_1,31,299,20927,8,909.5,954.5,10(50RB)[3],YC_DF_ZX_大丰_北团五队_宏站型_FL9,120.449,33.141,91,230,,,宏站,1,,,
大丰_丰富持久_宏站型,大丰区,865339_11,320934,14594839,865339,11,YC_DF_ZX_大丰_丰富持久_宏站型_FL9_A_1,11,318,20927,8,909.5,954.5,10(50RB)[3],YC_DF_ZX_大丰_丰富持久_宏站型_FL9,120.439761,33.462251,0,0,,,宏站,1,,,
大丰_丰富持久_宏站型,大丰区,865339_21,320934,14594839,865339,21,YC_DF_ZX_大丰_丰富持久_宏站型_FL9_B_1,21,319,20927,8,909.5,954.5,10(50RB)[3],YC_DF_ZX_大丰_丰富持久_宏站型_FL9,120.439761,33.462251,7,120,,,宏站,1,,,
大丰_丰富持久_宏站型,大丰区,865339_31,320934,14594839,865339,31,YC_DF_ZX_大丰_丰富持久_宏站型_FL9_C_1,31,320,20927,8,909.5,954.5,10(50RB)[3],YC_DF_ZX_大丰_丰富持久_宏站型_FL9,120.439761,33.462251,14,240,,,宏站,1,,,
大丰引水,大丰区,865321_11,320934,14594836,865321,11,YC_DF_ZX_大丰引水_FL9_A_1,11,237,20927,8,909.5,954.5,10(50RB)[3],YC_DF_ZX_大丰引水_FL9,120.384801,33.419531,0,0,,,宏站,1,,,
大丰引水,大丰区,865321_21,320934,14594836,865321,21,YC_DF_ZX_大丰引水_FL9_B_1,21,238,20927,8,909.5,954.5,10(50RB)[3],YC_DF_ZX_大丰引水_FL9,120.384801,33.419531,7,120,,,宏站,1,,,
大丰引水,大丰区,865321_31,320934,14594836,865321,31,YC_DF_ZX_大丰引水_FL9_C_1,31,239,20927,8,909.5,954.5,10(50RB)[3],YC_DF_ZX_大丰引水_FL9,120.384801,33.419531,14,240,,,宏站,1,,,
大丰_丰富新坍_宏站型,大丰区,865321_41,320934,14594836,865321,41,YC_DF_ZX_大丰_丰富新坍_宏站型_FL9_A_1,41,246,20927,8,909.5,954.5,10(50RB)[3],YC_DF_ZX_大丰引水_FL9,120.424591,33.416921,28,0,,,宏站,1,,,
大丰_丰富新坍_宏站型,大丰区,865321_51,320934,14594836,865321,51,YC_DF_ZX_大丰_丰富新坍_宏站型_FL9_B_1,51,247,20927,8,909.5,954.5,10(50RB)[3],YC_DF_ZX_大丰引水_FL9,120.424591,33.416921,35,120,,,宏站,1,,,
大丰_丰富新坍_宏站型,大丰区,865321_61,320934,14594836,865321,61,YC_DF_ZX_大丰_丰富新坍_宏站型_FL9_C_1,61,248,20927,8,909.5,954.5,10(50RB)[3],YC_DF_ZX_大丰引水_FL9,120.424591,33.416921,42,240,,,宏站,1,,,
大桥联丰村,大丰区,865267_11,320934,14594834,865267,11,YC_DF_ZX_大桥联丰村_FL9_A_1,11,225,20927,8,909.5,954.5,10(50RB)[3],YC_DF_ZX_大桥联丰村_FL9,120.579932,32.993117,42,0,,,宏站,1,,,
大桥联丰村,大丰区,865267_21,320934,14594834,865267,21,YC_DF_ZX_大桥联丰村_FL9_B_1,21,226,20927,8,909.5,954.5,10(50RB)[3],YC_DF_ZX_大桥联丰村_FL9,120.579932,32.993117,63,120,,,宏站,1,,,
大桥联丰村,大丰区,865267_31,320934,14594834,865267,31,YC_DF_ZX_大桥联丰村_FL9_C_1,31,227,20927,8,909.5,954.5,10(50RB)[3],YC_DF_ZX_大桥联丰村_FL9,120.579932,32.993117,70,240,,,宏站,1,,,
海丰农场,大丰区,865438_11,320934,14594840,865438,11,YC_DF_ZX_海丰农场_FL9_A_1,11,45,20927,8,909.5,954.5,10(50RB)[3],YC_DF_ZX_海丰农场_FL9,120.565764,33.326389,0,0,,,宏站,1,,,
海丰农场,大丰区,865438_21,320934,14594840,865438,21,YC_DF_ZX_海丰农场_FL9_B_1,21,46,20927,8,909.5,954.5,10(50RB)[3],YC_DF_ZX_海丰农场_FL9,120.565764,33.326389,7,100,,,宏站,1,,,
海丰农场,大丰区,865438_31,320934,14594840,865438,31,YC_DF_ZX_海丰农场_FL9_C_1,31,47,20927,8,909.5,954.5,10(50RB)[3],YC_DF_ZX_海丰农场_FL9,120.565764,33.326389,14,240,,,宏站,1,,,
潘丿江岸,大丰区,865676_11,320934,14594853,865676,11,YC_DF_ZX_潘丿江岸_FL9_A_1,11,216,20927,8,909.5,954.5,10(50RB)[3],YC_DF_ZX_潘丿江岸_FL9,120.683957,32.934173,7,0,,,宏站,1,,,
潘丿江岸,大丰区,865676_21,320934,14594853,865676,21,YC_DF_ZX_潘丿江岸_FL9_B_1,21,217,20927,8,909.5,954.5,10(50RB)[3],YC_DF_ZX_潘丿江岸_FL9,120.683957,32.934173,14,120,,,宏站,1,,,
潘丿江岸,大丰区,865676_31,320934,14594853,865676,31,YC_DF_ZX_潘丿江岸_FL9_C_1,31,218,20927,8,909.5,954.5,10(50RB)[3],YC_DF_ZX_潘丿江岸_FL9,120.683957,32.934173,21,240,,,宏站,1,,,
三龙盈余铁塔,大丰区,865753_41,320934,14594856,865753,41,YC_DF_ZX_三龙盈余铁塔_宏站型_FL9_A_1,41,291,20927,8,909.5,954.5,10(50RB)[3],YC_DF_ZX_上海农场时丰分场（现网）_宏站型_FL9,120.525721,33.395401,0,0,,,宏站,1,,,
三龙盈余铁塔,大丰区,865753_51,320934,14594856,865753,51,YC_DF_ZX_三龙盈余铁塔_宏站型_FL9_B_1,51,292,20927,8,909.5,954.5,10(50RB)[3],YC_DF_ZX_上海农场时丰分场（现网）_宏站型_FL9,120.525721,33.395401,7,120,,,宏站,1,,,
三龙盈余铁塔,大丰区,865753_61,320934,14594856,865753,61,YC_DF_ZX_三龙盈余铁塔_宏站型_FL9_C_1,61,293,20927,8,909.5,954.5,10(50RB)[3],YC_DF_ZX_上海农场时丰分场（现网）_宏站型_FL9,120.525721,33.395401,14,240,,,宏站,1,,,
上海农场时丰分场（现网）,大丰区,865753_11,320934,14594856,865753,11,YC_DF_ZX_上海农场时丰分场（现网）_宏站型_FL9_A_1,11,108,20927,8,909.5,954.5,10(50RB)[3],YC_DF_ZX_上海农场时丰分场（现网）_宏站型_FL9,120.539821,33.355231,21,0,,,宏站,1,,,
上海农场时丰分场（现网）,大丰区,865753_21,320934,14594856,865753,21,YC_DF_ZX_上海农场时丰分场（现网）_宏站型_FL9_B_1,21,109,20927,8,909.5,954.5,10(50RB)[3],YC_DF_ZX_上海农场时丰分场（现网）_宏站型_FL9,120.539821,33.355231,28,120,,,宏站,1,,,
上海农场时丰分场（现网）,大丰区,865753_31,320934,14594856,865753,31,YC_DF_ZX_上海农场时丰分场（现网）_宏站型_FL9_C_1,31,110,20927,8,909.5,954.5,10(50RB)[3],YC_DF_ZX_上海农场时丰分场（现网）_宏站型_FL9,120.539821,33.355231,35,240,,,宏站,1,,,
西团龙窑,大丰区,865916_11,320934,14594867,865916,11,YC_DF_ZX_西团龙窑_FL9_A_1,11,348,20927,8,909.5,954.5,10(50RB)[3],YC_DF_ZX_西团龙窑_FL9,120.382141,33.136021,7,0,,,宏站,1,,,
西团龙窑,大丰区,865916_21,320934,14594867,865916,21,YC_DF_ZX_西团龙窑_FL9_B_1,21,349,20927,8,909.5,954.5,10(50RB)[3],YC_DF_ZX_西团龙窑_FL9,120.382141,33.136021,14,120,,,宏站,1,,,
西团龙窑,大丰区,865916_31,320934,14594867,865916,31,YC_DF_ZX_西团龙窑_FL9_C_1,31,350,20927,8,909.5,954.5,10(50RB)[3],YC_DF_ZX_西团龙窑_FL9,120.382141,33.136021,28,240,,,宏站,1,,,
小海南头灶移动,大丰区,866553_11,320934,14594859,866553,11,YC_DF_ZX_小海南头灶移动_FL9_A_1,11,93,20927,8,909.5,954.5,10(50RB)[3],YC_DF_ZX_小海南头灶移动_FL9,120.481,33.0081,21,0,,,宏站,1,,,
小海南头灶移动,大丰区,866553_21,320934,14594859,866553,21,YC_DF_ZX_小海南头灶移动_FL9_B_1,21,94,20927,8,909.5,954.5,10(50RB)[3],YC_DF_ZX_小海南头灶移动_FL9,120.481,33.0081,35,120,,,宏站,1,,,
小海南头灶移动,大丰区,866553_31,320934,14594859,866553,31,YC_DF_ZX_小海南头灶移动_FL9_C_1,31,95,20927,8,909.5,954.5,10(50RB)[3],YC_DF_ZX_小海南头灶移动_FL9,120.481,33.0081,42,240,,,宏站,1,,,
阜宁县_三灶镇沿渠村_宏站型,阜宁县,865177_11,320937,14595587,865177,11,YC_FN_ZX_阜宁三灶镇沿渠村_FL9_A_1,11,261,20926,8,909.5,954.5,10(50RB)[3],YC_FN_ZX_阜宁三灶镇沿渠村_FL9,119.76351,33.91164,0,30,,,宏站,1,,,
阜宁县_三灶镇沿渠村_宏站型,阜宁县,865177_21,320937,14595587,865177,21,YC_FN_ZX_阜宁三灶镇沿渠村_FL9_B_1,21,262,20926,8,909.5,954.5,10(50RB)[3],YC_FN_ZX_阜宁三灶镇沿渠村_FL9,119.76351,33.91164,7,150,,,宏站,1,,,
阜宁县_三灶镇沿渠村_宏站型,阜宁县,865177_31,320937,14595587,865177,31,YC_FN_ZX_阜宁三灶镇沿渠村_FL9_C_1,31,263,20926,8,909.5,954.5,10(50RB)[3],YC_FN_ZX_阜宁三灶镇沿渠村_FL9,119.76351,33.91164,14,260,,,宏站,1,,,
石桥北,建湖县,865927_11,320939,14596121,865927,11,YC_JH_ZX_石桥北_FL9_A_1,11,141,20923,8,909.5,954.5,10(50RB)[3],YC_JH_ZX_石桥北_FL9,119.9505,33.53348,98,0,,,宏站,1,,,
石桥北,建湖县,865927_21,320939,14596121,865927,21,YC_JH_ZX_石桥北_FL9_B_1,21,142,20923,8,909.5,954.5,10(50RB)[3],YC_JH_ZX_石桥北_FL9,119.9505,33.53348,105,120,,,宏站,1,,,
石桥北,建湖县,865927_31,320939,14596121,865927,31,YC_JH_ZX_石桥北_FL9_C_1,31,143,20923,8,909.5,954.5,10(50RB)[3],YC_JH_ZX_石桥北_FL9,119.9505,33.53348,112,240,,,宏站,1,,,
射阳县_射阳二垛_宏站型,射阳县,865563_11,320938,14595852,865563,11,YC_SY_ZX_射阳二垛_FL9_A_1,11,69,20924,8,909.5,954.5,10(50RB)[3],YC_SY_ZX_射阳二垛_FL9,120.275181,34.051461,7,0,,,宏站,1,,,
射阳县_射阳二垛_宏站型,射阳县,865563_21,320938,14595852,865563,21,YC_SY_ZX_射阳二垛_FL9_B_1,21,70,20924,8,909.5,954.5,10(50RB)[3],YC_SY_ZX_射阳二垛_FL9,120.275181,34.051461,14,120,,,宏站,1,,,
射阳县_射阳二垛_宏站型,射阳县,865563_31,320938,14595852,865563,31,YC_SY_ZX_射阳二垛_FL9_C_1,31,71,20924,8,909.5,954.5,10(50RB)[3],YC_SY_ZX_射阳二垛_FL9,120.275181,34.051461,21,240,,,宏站,1,,,
黄尖镇花川村新农村社区,亭湖区,865765_61,320932,14594066,865765,61,YC_TH_ZX_亭湖黄尖镇花川村新农村社区_FL9_C_1,61,257,20914,8,909.5,954.5,10(50RB)[3],YC_TH_ZX_亭湖黄尖花川_FL9,120.3925,33.52843,63,0,,,宏站,1,,,
黄尖镇花川村新农村社区,亭湖区,865765_51,320932,14594066,865765,51,YC_TH_ZX_亭湖黄尖镇花川村新农村社区_FL9_B_1,51,256,20914,8,909.5,954.5,10(50RB)[3],YC_TH_ZX_亭湖黄尖花川_FL9,120.3925,33.52843,56,120,,,宏站,1,,,
黄尖镇花川村新农村社区,亭湖区,865765_41,320932,14594066,865765,41,YC_TH_ZX_亭湖黄尖镇花川村新农村社区_FL9_A_1,41,255,20914,8,909.5,954.5,10(50RB)[3],YC_TH_ZX_亭湖黄尖花川_FL9,120.3925,33.52843,49,240,,,宏站,1,,,
YCL2ZOC亭湖_李灶三组,亭湖区,865769_11,320932,14594067,865769,11,YC_TH_ZX_亭湖李灶三组_FL9_A_1,11,306,20914,8,909.5,954.5,10(50RB)[3],YC_TH_ZX_亭湖李灶三组_FL9,120.3354147,33.46435801,70,0,,,宏站,1,,,
YCL2ZOC亭湖_李灶三组,亭湖区,865769_21,320932,14594067,865769,21,YC_TH_ZX_亭湖李灶三组_FL9_B_1,21,307,20914,8,909.5,954.5,10(50RB)[3],YC_TH_ZX_亭湖李灶三组_FL9,120.3354147,33.46435801,77,120,,,宏站,1,,,
YCL2ZOC亭湖_李灶三组,亭湖区,865769_31,320932,14594067,865769,31,YC_TH_ZX_亭湖李灶三组_FL9_C_1,31,308,20914,8,909.5,954.5,10(50RB)[3],YC_TH_ZX_亭湖李灶三组_FL9,120.3354147,33.46435801,91,240,,,宏站,1,,,
亭湖区_盐东镇艳阳_宏站型,亭湖区,866016_11,320932,14594065,866016,11,YC_TH_ZX_亭湖盐东镇艳阳_FL9_A_1,11,234,20914,8,909.5,954.5,10(50RB)[3],YC_TH_ZX_亭湖盐东镇艳阳_FL9,120.38527,33.45309,49,0,,,宏站,1,,,
亭湖区_盐东镇艳阳_宏站型,亭湖区,866016_21,320932,14594065,866016,21,YC_TH_ZX_亭湖盐东镇艳阳_FL9_B_1,21,235,20914,8,909.5,954.5,10(50RB)[3],YC_TH_ZX_亭湖盐东镇艳阳_FL9,120.38527,33.45309,56,120,,,宏站,1,,,
亭湖区_盐东镇艳阳_宏站型,亭湖区,866016_31,320932,14594065,866016,31,YC_TH_ZX_亭湖盐东镇艳阳_FL9_C_1,31,236,20914,8,909.5,954.5,10(50RB)[3],YC_TH_ZX_亭湖盐东镇艳阳_FL9,120.38527,33.45309,63,240,,,宏站,1,,,
黄尖花川,亭湖区,865765_11,320932,14594066,865765,11,YC_TH_ZX_亭湖黄尖花川_FL9_A_1,11,168,20914,8,909.5,954.5,10(50RB)[3],YC_TH_ZX_亭湖黄尖花川_FL9,120.368367,33.519961,0,120,,,宏站,1,,,
黄尖花川,亭湖区,865765_21,320932,14594066,865765,21,YC_TH_ZX_亭湖黄尖花川_FL9_B_1,21,169,20914,8,909.5,954.5,10(50RB)[3],YC_TH_ZX_亭湖黄尖花川_FL9,120.368367,33.519961,7,250,,,宏站,1,,,
黄尖花川,亭湖区,865765_31,320932,14594066,865765,31,YC_TH_ZX_亭湖黄尖花川_FL9_C_1,31,170,20914,8,909.5,954.5,10(50RB)[3],YC_TH_ZX_亭湖黄尖花川_FL9,120.368367,33.519961,14,0,,,宏站,1,,,
盘湾二,射阳县,865677_11,320938,14595855,865677,11,YC_SY_ZX_盘湾二_FL9_A_1,11,153,20924,8,909.5,954.5,10(50RB)[3],YC_SY_ZX_盘湾二_FL9,120.233947,33.551339,7,0,,,,,,,
盘湾二,射阳县,865677_21,320938,14595855,865677,21,YC_SY_ZX_盘湾二_FL9_B_1,21,154,20924,8,909.5,954.5,10(50RB)[3],YC_SY_ZX_盘湾二_FL9,120.233947,33.551339,14,120,,,,,,,
盘湾二,射阳县,865677_31,320938,14595855,865677,31,YC_SY_ZX_盘湾二_FL9_C_1,31,155,20924,8,909.5,954.5,10(50RB)[3],YC_SY_ZX_盘湾二_FL9,120.233947,33.551339,56,240,,,,,,,
施庄向阳,阜宁县,865369_11,320937,14595597,865369,11,YC_FN_ZX_施庄向阳_FL9_A_1,11,354,20926,8,909.5,954.5,10(50RB)[3],YC_FN_ZX_施庄向阳_FL9,119.820401,33.704431,7,0,,,,,,,
施庄向阳,阜宁县,865369_21,320937,14595597,865369,21,YC_FN_ZX_施庄向阳_FL9_B_1,21,355,20926,8,909.5,954.5,10(50RB)[3],YC_FN_ZX_施庄向阳_FL9,119.820401,33.704431,14,120,,,,,,,
施庄向阳,阜宁县,865369_31,320937,14595597,865369,31,YC_FN_ZX_施庄向阳_FL9_C_1,31,356,20926,8,909.5,954.5,10(50RB)[3],YC_FN_ZX_施庄向阳_FL9,119.820401,33.704431,28,240,,,,,,,
大丰市_大丰保护区二_宏站型,大丰区,865215_11,320934,14594825,865215,11,YC_DF_ZX_大丰保护区二_FL9_A_1,11,180,20927,8,909.5,954.5,10(50RB)[3],YC_DF_ZX_大丰保护区二_FL9,120.77143,32.99362,21,15,,,,,,,
大丰市_大丰保护区二_宏站型,大丰区,865215_21,320934,14594825,865215,21,YC_DF_ZX_大丰保护区二_FL9_B_1,21,181,20927,8,909.5,954.5,10(50RB)[3],YC_DF_ZX_大丰保护区二_FL9,120.77143,32.99362,28,180,,,,,,,
大丰市_大丰保护区二_宏站型,大丰区,865215_31,320934,14594825,865215,31,YC_DF_ZX_大丰保护区二_FL9_C_1,31,182,20927,8,909.5,954.5,10(50RB)[3],YC_DF_ZX_大丰保护区二_FL9,120.77143,32.99362,35,290,,,,,,,
大丰川东乡东,大丰区,865215_41,320934,14594825,865215,41,YC_DF_ZX_大丰川东乡东_FL9_A_1,41,276,20927,8,909.5,954.5,10(50RB)[3],YC_DF_ZX_大丰保护区二_FL9,120.756251,33.014841,0,0,,,,,,,
大丰川东乡东,大丰区,865215_51,320934,14594825,865215,51,YC_DF_ZX_大丰川东乡东_FL9_B_1,51,277,20927,8,909.5,954.5,10(50RB)[3],YC_DF_ZX_大丰保护区二_FL9,120.756251,33.014841,7,100,,,,,,,
大丰川东乡东,大丰区,865215_61,320934,14594825,865215,61,YC_DF_ZX_大丰川东乡东_FL9_C_1,61,278,20927,8,909.5,954.5,10(50RB)[3],YC_DF_ZX_大丰保护区二_FL9,120.756251,33.014841,14,200,,,,,,,
王港工业园,大丰区,865477_11,320934,14594841,865477,11,YC_DF_ZX_王港工业园_FL9_A_1,11,285,20927,8,909.5,954.5,10(50RB)[3],YC_DF_ZX_王港工业园_FL9,120.744691,33.179101,28,0,,,,,,,
王港工业园,大丰区,865477_21,320934,14594841,865477,21,YC_DF_ZX_王港工业园_FL9_B_1,21,286,20927,8,909.5,954.5,10(50RB)[3],YC_DF_ZX_王港工业园_FL9,120.744691,33.179101,35,120,,,,,,,
王港工业园,大丰区,865477_31,320934,14594841,865477,31,YC_DF_ZX_王港工业园_FL9_C_1,31,287,20927,8,909.5,954.5,10(50RB)[3],YC_DF_ZX_王港工业园_FL9,120.744691,33.179101,42,240,,,,,,,
方强南移动,大丰区,865322_11,320934,14594837,865322,11,YC_DF_ZX_方强南移动_FL9_A_1,11,315,20927,8,909.5,954.5,10(50RB)[3],YC_DF_ZX_方强南移动_FL9,120.449611,33.357931,0,0,,,,,,,
方强南移动,大丰区,865322_21,320934,14594837,865322,21,YC_DF_ZX_方强南移动_FL9_B_1,21,316,20927,8,909.5,954.5,10(50RB)[3],YC_DF_ZX_方强南移动_FL9,120.449611,33.357931,7,120,,,,,,,
方强南移动,大丰区,865322_31,320934,14594837,865322,31,YC_DF_ZX_方强南移动_FL9_C_1,31,317,20927,8,909.5,954.5,10(50RB)[3],YC_DF_ZX_方强南移动_FL9,120.449611,33.357931,14,240,,,,,,,
麋鹿保护区,大丰区,865626_11,320934,14594846,865626,11,YC_DF_ZX_麋鹿保护区_FL9_A_1,11,87,20927,8,909.5,954.5,10(50RB)[3],YC_DF_ZX_麋鹿保护区_FL9,120.81,32.9984,42,0,,,,,,,
麋鹿保护区,大丰区,865626_21,320934,14594846,865626,21,YC_DF_ZX_麋鹿保护区_FL9_B_1,21,88,20927,8,909.5,954.5,10(50RB)[3],YC_DF_ZX_麋鹿保护区_FL9,120.81,32.9984,49,120,,,,,,,
麋鹿保护区,大丰区,865626_31,320934,14594846,865626,31,YC_DF_ZX_麋鹿保护区_FL9_C_1,31,89,20927,8,909.5,954.5,10(50RB)[3],YC_DF_ZX_麋鹿保护区_FL9,120.81,32.9984,56,240,,,,,,,
大丰大中农场东,大丰区,865226_11,320934,14594827,865226,11,YC_DF_ZX_大丰大中农场东_FL9_A_1,11,237,20927,8,909.5,954.5,10(50RB)[3],YC_DF_ZX_大丰大中农场东_FL9,120.704,33.1152,28,20,,,,,,,
大丰大中农场东,大丰区,865226_21,320934,14594827,865226,21,YC_DF_ZX_大丰大中农场东_FL9_B_1,21,238,20927,8,909.5,954.5,10(50RB)[3],YC_DF_ZX_大丰大中农场东_FL9,120.704,33.1152,35,110,,,,,,,
大丰大中农场东,大丰区,865226_31,320934,14594827,865226,31,YC_DF_ZX_大丰大中农场东_FL9_C_1,31,239,20927,8,909.5,954.5,10(50RB)[3],YC_DF_ZX_大丰大中农场东_FL9,120.704,33.1152,42,250,,,,,,,
沿河匡苏,建湖县,866001_11,320939,14596127,866001,11,YC_JH_ZX_沿河匡苏_FL9_A_1,11,117,20923,8,909.5,954.5,10(50RB)[3],YC_JH_ZX_沿河匡苏_FL9,119.809821,33.387461,7,0,,,,,,,
沿河匡苏,建湖县,866001_21,320939,14596127,866001,21,YC_JH_ZX_沿河匡苏_FL9_B_1,21,118,20923,8,909.5,954.5,10(50RB)[3],YC_JH_ZX_沿河匡苏_FL9,119.809821,33.387461,14,120,,,,,,,
沿河匡苏,建湖县,866001_31,320939,14596127,866001,31,YC_JH_ZX_沿河匡苏_FL9_C_1,31,119,20923,8,909.5,954.5,10(50RB)[3],YC_JH_ZX_沿河匡苏_FL9,119.809821,33.387461,21,240,,,,,,,
大丰市_南阳镇康居工程居民点(南阳支局)_宏站型,大丰区,865670_11,320934,14594851,865670,11,YC_DF_ZX_大丰市_南阳镇康居工程居民点(南阳支局)_宏站型_FL9_A_1,11,201,20927,8,909.5,954.5,10(50RB)[3],YC_DF_ZX_大丰市_南阳镇康居工程居民点(南阳支局)_宏站型_FL9,120.5469,33.13791,21,0,,,,,,,
大丰市_南阳镇康居工程居民点(南阳支局)_宏站型,大丰区,865670_21,320934,14594851,865670,21,YC_DF_ZX_大丰市_南阳镇康居工程居民点(南阳支局)_宏站型_FL9_B_1,21,202,20927,8,909.5,954.5,10(50RB)[3],YC_DF_ZX_大丰市_南阳镇康居工程居民点(南阳支局)_宏站型_FL9,120.5469,33.13791,28,120,,,,,,,
大丰市_南阳镇康居工程居民点(南阳支局)_宏站型,大丰区,865670_31,320934,14594851,865670,31,YC_DF_ZX_大丰市_南阳镇康居工程居民点(南阳支局)_宏站型_FL9_C_1,31,203,20927,8,909.5,954.5,10(50RB)[3],YC_DF_ZX_大丰市_南阳镇康居工程居民点(南阳支局)_宏站型_FL9,120.5469,33.13791,35,240,,,,,,,
海丰奶牛场（现网）,大丰区,865244_11,320934,14594829,865244,11,YC_DF_ZX_海丰奶牛场（现网）_FL9_A_1,11,204,20927,8,909.5,954.5,10(50RB)[3],YC_DF_ZX_海丰奶牛场（现网）_FL9,120.651111,33.274511,0,0,,,,,,,
海丰奶牛场（现网）,大丰区,865244_21,320934,14594829,865244,21,YC_DF_ZX_海丰奶牛场（现网）_FL9_B_1,21,205,20927,8,909.5,954.5,10(50RB)[3],YC_DF_ZX_海丰奶牛场（现网）_FL9,120.651111,33.274511,7,120,,,,,,,
海丰奶牛场（现网）,大丰区,865244_31,320934,14594829,865244,31,YC_DF_ZX_海丰奶牛场（现网）_FL9_C_1,31,206,20927,8,909.5,954.5,10(50RB)[3],YC_DF_ZX_海丰奶牛场（现网）_FL9,120.651111,33.274511,14,240,,,,,,,
射阳县陈洋五份安置点,射阳县,865458_11,320938,14595849,865458,11,YC_SY_ZX_射阳县陈洋五份安置点_FL9_A_1,11,57,20924,8,909.5,954.5,10(50RB)[3],YC_SY_ZX_射阳县陈洋五份安置点_FL9,120.171841,33.774191,63,0,,,,,,,
射阳县陈洋五份安置点,射阳县,865458_21,320938,14595849,865458,21,YC_SY_ZX_射阳县陈洋五份安置点_FL9_B_1,21,58,20924,8,909.5,954.5,10(50RB)[3],YC_SY_ZX_射阳县陈洋五份安置点_FL9,120.171841,33.774191,70,120,,,,,,,
射阳县陈洋五份安置点,射阳县,865458_31,320938,14595849,865458,31,YC_SY_ZX_射阳县陈洋五份安置点_FL9_C_1,31,59,20924,8,909.5,954.5,10(50RB)[3],YC_SY_ZX_射阳县陈洋五份安置点_FL9,120.171841,33.774191,77,240,,,,,,,
运河运维,响水县,866072_11,320935,14595096,866072,11,YC_XS_ZX_运河运维_FL9_A_1,11,324,20409,8,909.5,954.5,10(50RB)[3],YC_XS_ZX_运河运维_FL9,119.702401,34.118501,7,0,,,,,,,
运河运维,响水县,866072_21,320935,14595096,866072,21,YC_XS_ZX_运河运维_FL9_B_1,21,325,20409,8,909.5,954.5,10(50RB)[3],YC_XS_ZX_运河运维_FL9,119.702401,34.118501,14,120,,,,,,,
运河运维,响水县,866072_31,320935,14595096,866072,31,YC_XS_ZX_运河运维_FL9_C_1,31,326,20409,8,909.5,954.5,10(50RB)[3],YC_XS_ZX_运河运维_FL9,119.702401,34.118501,28,240,,,,,,,
H2大丰新团龙富_C电信,大丰区,866552_11,320934,14594817,866552,11,YC_DF_ZX_H2大丰新团龙富_C电信_FL9_A_1,11,192,20927,8,909.5,954.5,10(50RB)[3],YC_DF_ZX_H2大丰新团龙富_C电信_FL9,120.372081,33.217501,0,0,,,,,,,
H2大丰新团龙富_C电信,大丰区,866552_21,320934,14594817,866552,21,YC_DF_ZX_H2大丰新团龙富_C电信_FL9_B_1,21,193,20927,8,909.5,954.5,10(50RB)[3],YC_DF_ZX_H2大丰新团龙富_C电信_FL9,120.372081,33.217501,28,120,,,,,,,
H2大丰新团龙富_C电信,大丰区,866552_31,320934,14594817,866552,31,YC_DF_ZX_H2大丰新团龙富_C电信_FL9_C_1,31,194,20927,8,909.5,954.5,10(50RB)[3],YC_DF_ZX_H2大丰新团龙富_C电信_FL9,120.372081,33.217501,35,240,,,,,,,
北龙港庆西,盐都区,865149_11,320931,14594309,865149,11,YC_YD_ZX_北龙港庆西_FL9_A_1,11,81,20920,8,909.5,954.5,10(50RB)[3],YC_YD_ZX_北龙港庆西_FL9,119.745691,33.243281,7,0,,,,,,,
北龙港庆西,盐都区,865149_21,320931,14594309,865149,21,YC_YD_ZX_北龙港庆西_FL9_B_1,21,82,20920,8,909.5,954.5,10(50RB)[3],YC_YD_ZX_北龙港庆西_FL9,119.745691,33.243281,14,120,,,,,,,
北龙港庆西,盐都区,865149_31,320931,14594309,865149,31,YC_YD_ZX_北龙港庆西_FL9_C_1,31,83,20920,8,909.5,954.5,10(50RB)[3],YC_YD_ZX_北龙港庆西_FL9,119.745691,33.243281,21,240,,,,,,,
响水双河,响水县,865917_11,320935,14595089,865917,11,YC_XS_ZX_响水双河_FL9_A_1,11,63,20408,8,909.5,954.5,10(50RB)[3],YC_XS_ZX_响水双河_FL9,119.532001,34.168001,21,0,,,,,,,
响水双河,响水县,865917_21,320935,14595089,865917,21,YC_XS_ZX_响水双河_FL9_B_1,21,64,20408,8,909.5,954.5,10(50RB)[3],YC_XS_ZX_响水双河_FL9,119.532001,34.168001,35,120,,,,,,,
响水双河,响水县,865917_31,320935,14595089,865917,31,YC_XS_ZX_响水双河_FL9_C_1,31,65,20408,8,909.5,954.5,10(50RB)[3],YC_XS_ZX_响水双河_FL9,119.532001,34.168001,49,240,,,,,,,
盐都区_楼王庆丰_宏站型,盐都区,865595_11,320931,14594320,865595,11,YC_YD_ZX_盐都楼王庆丰_FL9_A_1,11,141,20920,8,909.5,954.5,10(50RB)[3],YC_YD_ZX_盐都楼王庆丰_FL9,119.82718,33.30075,7,0,,,,,,,
盐都区_楼王庆丰_宏站型,盐都区,865595_21,320931,14594320,865595,21,YC_YD_ZX_盐都楼王庆丰_FL9_B_1,21,142,20920,8,909.5,954.5,10(50RB)[3],YC_YD_ZX_盐都楼王庆丰_FL9,119.82718,33.30075,14,120,,,,,,,
盐都区_楼王庆丰_宏站型,盐都区,865595_31,320931,14594320,865595,31,YC_YD_ZX_盐都楼王庆丰_FL9_C_1,31,143,20920,8,909.5,954.5,10(50RB)[3],YC_YD_ZX_盐都楼王庆丰_FL9,119.82718,33.30075,21,240,,,,,,,
特庸段高速,射阳县,865864_11,320938,14595867,865864,11,YC_SY_ZX_特庸段高速_FL9_A_1,11,288,20924,8,909.5,954.5,10(50RB)[3],YC_SY_ZX_特庸段高速_FL9,120.225981,33.519291,28,0,,,,,,,
特庸段高速,射阳县,865864_21,320938,14595867,865864,21,YC_SY_ZX_特庸段高速_FL9_B_1,21,289,20924,8,909.5,954.5,10(50RB)[3],YC_SY_ZX_特庸段高速_FL9,120.225981,33.519291,35,120,,,,,,,
特庸段高速,射阳县,865864_31,320938,14595867,865864,31,YC_SY_ZX_特庸段高速_FL9_C_1,31,290,20924,8,909.5,954.5,10(50RB)[3],YC_SY_ZX_特庸段高速_FL9,120.225981,33.519291,49,240,,,,,,,
H1东台三仓龙塘_D,东台市,865292_11,320933,14594569,865292,11,YC_DT_ZX_H1东台三仓龙塘_D_FL_A_1,11,282,20922,8,909.5,954.5,10(50RB)[3],YC_DT_ZX_一仓_FLG,120.642671,32.800641,7,0,,,,,,,
H1东台三仓龙塘_D,东台市,865292_21,320933,14594569,865292,21,YC_DT_ZX_H1东台三仓龙塘_D_FL_B_1,21,283,20922,8,909.5,954.5,10(50RB)[3],YC_DT_ZX_一仓_FLG,120.642671,32.800641,14,120,,,,,,,
H1东台三仓龙塘_D,东台市,865292_31,320933,14594569,865292,31,YC_DT_ZX_H1东台三仓龙塘_D_FL_C_1,31,284,20922,8,909.5,954.5,10(50RB)[3],YC_DT_ZX_一仓_FLG,120.642671,32.800641,35,240,,,,,,,
一仓-顾丿,东台市,865292_41,320933,14594569,865292,41,YC_DT_ZX_一仓-顾丿_FL_A_1,41,348,20922,8,909.5,954.5,10(50RB)[3],YC_DT_ZX_一仓_FLG,120.677781,32.834726,0,0,,,,,,,
一仓-顾丿,东台市,865292_51,320933,14594569,865292,51,YC_DT_ZX_一仓-顾丿_FL_B_1,51,349,20922,8,909.5,954.5,10(50RB)[3],YC_DT_ZX_一仓_FLG,120.677781,32.834726,21,120,,,,,,,
一仓-顾丿,东台市,865292_61,320933,14594569,865292,61,YC_DT_ZX_一仓-顾丿_FL_C_1,61,350,20922,8,909.5,954.5,10(50RB)[3],YC_DT_ZX_一仓_FLG,120.677781,32.834726,28,240,,,,,,,
四联四队铁塔,东台市,865717_11,320933,14594595,865717,11,YC_DT_ZX_四联四队铁塔_FL9_A_1,11,165,20922,8,909.5,954.5,10(50RB)[3],YC_DT_ZX_四联四队铁塔_FL9,120.627,32.7665,0,0,,,,,,,
四联四队铁塔,东台市,865717_21,320933,14594595,865717,21,YC_DT_ZX_四联四队铁塔_FL9_B_1,21,166,20922,8,909.5,954.5,10(50RB)[3],YC_DT_ZX_四联四队铁塔_FL9,120.627,32.7665,28,120,,,,,,,
四联四队铁塔,东台市,865717_31,320933,14594595,865717,31,YC_DT_ZX_四联四队铁塔_FL9_C_1,31,167,20922,8,909.5,954.5,10(50RB)[3],YC_DT_ZX_四联四队铁塔_FL9,120.627,32.7665,70,240,,,,,,,
东台_许河许南_宏站型,东台市,865969_11,320933,14594616,865969,11,YC_DT_ZX_东台_许河许南_宏站型_FL_A_1,11,90,20922,8,909.5,954.5,10(50RB)[3],YC_DT_ZX_许河_FL,120.645031,32.700951,63,0,,,,,,,
东台_许河许南_宏站型,东台市,865969_21,320933,14594616,865969,21,YC_DT_ZX_东台_许河许南_宏站型_FL_B_1,21,91,20922,8,909.5,954.5,10(50RB)[3],YC_DT_ZX_许河_FL,120.645031,32.700951,70,120,,,,,,,
东台_许河许南_宏站型,东台市,865969_31,320933,14594616,865969,31,YC_DT_ZX_东台_许河许南_宏站型_FL_C_1,31,92,20922,8,909.5,954.5,10(50RB)[3],YC_DT_ZX_许河_FL,120.645031,32.700951,77,240,,,,,,,
许河卢河村,东台市,865969_41,320933,14594616,865969,41,YC_DT_ZX_许河卢河村_FL_A_1,41,147,20922,8,909.5,954.5,10(50RB)[3],YC_DT_ZX_许河_FL,120.622197,32.705611,0,0,,,,,,,
许河卢河村,东台市,865969_51,320933,14594616,865969,51,YC_DT_ZX_许河卢河村_FL_B_1,51,148,20922,8,909.5,954.5,10(50RB)[3],YC_DT_ZX_许河_FL,120.622197,32.705611,7,120,,,,,,,
许河卢河村,东台市,865969_61,320933,14594616,865969,61,YC_DT_ZX_许河卢河村_FL_C_1,61,149,20922,8,909.5,954.5,10(50RB)[3],YC_DT_ZX_许河_FL,120.622197,32.705611,14,240,,,,,,,
中兴东北,盐都区,866081_41,320931,14594329,866081,41,YC_YD_ZX_中兴东北_FL_A_1,41,36,20920,8,909.5,954.5,10(50RB)[3],YC_YD_ZX_西港别墅区_FL,119.928601,33.352001,0,0,,,,,,,
中兴东北,盐都区,866081_51,320931,14594329,866081,51,YC_YD_ZX_中兴东北_FL_B_1,51,37,20920,8,909.5,954.5,10(50RB)[3],YC_YD_ZX_西港别墅区_FL,119.928601,33.352001,28,120,,,,,,,
中兴东北,盐都区,866081_61,320931,14594329,866081,61,YC_YD_ZX_中兴东北_FL_C_1,61,38,20920,8,909.5,954.5,10(50RB)[3],YC_YD_ZX_西港别墅区_FL,119.928601,33.352001,35,240,,,,,,,
H6射阳发阳西区_C电信,射阳县,865775_11,320938,14595866,865775,11,YC_SY_ZX_H6射阳发阳西区_C电信_FL9_A_1,11,345,20924,8,909.5,954.5,10(50RB)[3],YC_SY_ZX_H6射阳发阳西区_C电信_FL9,120.368801,33.688611,21,0,,,,,,,
H6射阳发阳西区_C电信,射阳县,865775_21,320938,14595866,865775,21,YC_SY_ZX_H6射阳发阳西区_C电信_FL9_B_1,21,346,20924,8,909.5,954.5,10(50RB)[3],YC_SY_ZX_H6射阳发阳西区_C电信_FL9,120.368801,33.688611,28,120,,,,,,,
H6射阳发阳西区_C电信,射阳县,865775_31,320938,14595866,865775,31,YC_SY_ZX_H6射阳发阳西区_C电信_FL9_C_1,31,347,20924,8,909.5,954.5,10(50RB)[3],YC_SY_ZX_H6射阳发阳西区_C电信_FL9,120.368801,33.688611,35,240,,,,,,,
射阳黄沙港街移动,射阳县,865775_41,320938,14595866,865775,41,YC_SY_ZX_射阳黄沙港街移动_FL9_A_1,41,291,20924,8,909.5,954.5,10(50RB)[3],YC_SY_ZX_H6射阳发阳西区_C电信_FL9,120.404,33.7162,0,0,,,,,,,
射阳黄沙港街移动,射阳县,865775_51,320938,14595866,865775,51,YC_SY_ZX_射阳黄沙港街移动_FL9_B_1,51,292,20924,8,909.5,954.5,10(50RB)[3],YC_SY_ZX_H6射阳发阳西区_C电信_FL9,120.404,33.7162,7,120,,,,,,,
射阳黄沙港街移动,射阳县,865775_61,320938,14595866,865775,61,YC_SY_ZX_射阳黄沙港街移动_FL9_C_1,61,293,20924,8,909.5,954.5,10(50RB)[3],YC_SY_ZX_H6射阳发阳西区_C电信_FL9,120.404,33.7162,14,240,,,,,,,
射阳县_千秋沙港小区（千秋支局）_宏站型,射阳县,865684_41,320938,14595857,865684,41,YC_SY_ZX_射阳千秋沙港小区_FL9_A_1,41,42,20924,8,909.5,954.5,10(50RB)[3],YC_SY_ZX_射阳滨西八队_FL9,120.19977,33.88317,21,0,,,,,,,
射阳县_千秋沙港小区（千秋支局）_宏站型,射阳县,865684_51,320938,14595857,865684,51,YC_SY_ZX_射阳千秋沙港小区_FL9_B_1,51,43,20924,8,909.5,954.5,10(50RB)[3],YC_SY_ZX_射阳滨西八队_FL9,120.19977,33.88317,28,120,,,,,,,
射阳县_千秋沙港小区（千秋支局）_宏站型,射阳县,865684_61,320938,14595857,865684,61,YC_SY_ZX_射阳千秋沙港小区_FL9_C_1,61,44,20924,8,909.5,954.5,10(50RB)[3],YC_SY_ZX_射阳滨西八队_FL9,120.19977,33.88317,35,240,,,,,,,
许河杨河,东台市,865983_11,320933,14594619,865983,11,YC_DT_ZX_许河杨河_FL9_A_1,11,264,20922,8,909.5,954.5,10(50RB)[3],YC_DT_ZX_许河杨河_FL9,120.59095,32.72714,42,0,,,,,,,
许河杨河,东台市,865983_21,320933,14594619,865983,21,YC_DT_ZX_许河杨河_FL9_B_1,21,265,20922,8,909.5,954.5,10(50RB)[3],YC_DT_ZX_许河杨河_FL9,120.59095,32.72714,49,120,,,,,,,
许河杨河,东台市,865983_31,320933,14594619,865983,31,YC_DT_ZX_许河杨河_FL9_C_1,31,266,20922,8,909.5,954.5,10(50RB)[3],YC_DT_ZX_许河杨河_FL9,120.59095,32.72714,56,240,,,,,,,
川东闸,大丰区,865212_11,320934,14594824,865212,11,YC_DF_ZX_川东闸_FL9_A_1,11,141,20927,8,909.5,954.5,10(50RB)[3],YC_DF_ZX_川东闸_FL9,120.794653,33.056319,42,0,,,,,,,
川东闸,大丰区,865212_21,320934,14594824,865212,21,YC_DF_ZX_川东闸_FL9_B_1,21,142,20927,8,909.5,954.5,10(50RB)[3],YC_DF_ZX_川东闸_FL9,120.794653,33.056319,49,120,,,,,,,
川东闸,大丰区,865212_31,320934,14594824,865212,31,YC_DF_ZX_川东闸_FL9_C_1,31,143,20927,8,909.5,954.5,10(50RB)[3],YC_DF_ZX_川东闸_FL9,120.794653,33.056319,56,240,,,,,,,
古河南移动,阜宁县,865614_11,320937,14595606,865614,11,YC_FN_ZX_古河南移动_FL9_A_1,11,114,20926,8,909.5,954.5,10(50RB)[3],YC_FN_ZX_古河南移动_FL9,119.507551,33.576791,28,0,,,,,,,
古河南移动,阜宁县,865614_21,320937,14595606,865614,21,YC_FN_ZX_古河南移动_FL9_B_1,21,115,20926,8,909.5,954.5,10(50RB)[3],YC_FN_ZX_古河南移动_FL9,119.507551,33.576791,35,120,,,,,,,
古河南移动,阜宁县,865614_31,320937,14595606,865614,31,YC_FN_ZX_古河南移动_FL9_C_1,31,116,20926,8,909.5,954.5,10(50RB)[3],YC_FN_ZX_古河南移动_FL9,119.507551,33.576791,49,240,,,,,,,
联灶北,东台市,865983_41,320933,14594619,865983,41,YC_DT_ZX_联灶北_FL9_A_1,41,363,20922,8,909.5,954.5,10(50RB)[3],YC_DT_ZX_许河杨河_FL9,120.588501,32.703832,21,0,,,,,,,
联灶北,东台市,865983_51,320933,14594619,865983,51,YC_DT_ZX_联灶北_FL9_B_1,51,364,20922,8,909.5,954.5,10(50RB)[3],YC_DT_ZX_许河杨河_FL9,120.588501,32.703832,28,120,,,,,,,
联灶北,东台市,865983_61,320933,14594619,865983,61,YC_DT_ZX_联灶北_FL9_C_1,61,365,20922,8,909.5,954.5,10(50RB)[3],YC_DT_ZX_许河杨河_FL9,120.588501,32.703832,35,240,,,,,,,
规划-秦南镇-过河尖,盐都区,865788_11,320931,14594325,865788,11,YC_YD_ZX_规划-秦南镇-过河尖_FLG_A_1,11,60,20920,8,909.5,954.5,10(50RB)[3],YC_YD_ZX_规划-秦南镇-过河尖_FLG,119.881,33.256,0,0,,,,,,宏站,1
规划-秦南镇-过河尖,盐都区,865788_21,320931,14594325,865788,21,YC_YD_ZX_规划-秦南镇-过河尖_FLG_B_1,21,61,20920,8,909.5,954.5,10(50RB)[3],YC_YD_ZX_规划-秦南镇-过河尖_FLG,119.881,33.256,7,120,,,,,,宏站,1
规划-秦南镇-过河尖,盐都区,865788_31,320931,14594325,865788,31,YC_YD_ZX_规划-秦南镇-过河尖_FLG_C_1,31,62,20920,8,909.5,954.5,10(50RB)[3],YC_YD_ZX_规划-秦南镇-过河尖_FLG,119.881,33.256,14,240,,,,,,宏站,1
黄尖指南,亭湖区,865490_11,320932,14594059,865490,11,YC_TH_ZX_黄尖指南_FL9_A_1,11,264,20914,8,909.5,954.5,10(50RB)[3],YC_TH_ZX_黄尖指南_FL9,120.41407,33.52405,21,0,,,,,,宏站,1
黄尖指南,亭湖区,865490_21,320932,14594059,865490,21,YC_TH_ZX_黄尖指南_FL9_B_1,21,265,20914,8,909.5,954.5,10(50RB)[3],YC_TH_ZX_黄尖指南_FL9,120.41407,33.52405,28,120,,,,,,宏站,1
黄尖指南,亭湖区,865490_31,320932,14594059,865490,31,YC_TH_ZX_黄尖指南_FL9_C_1,31,266,20914,8,909.5,954.5,10(50RB)[3],YC_TH_ZX_黄尖指南_FL9,120.41407,33.52405,35,240,,,,,,宏站,1
阜宁县_合利卫东_宏站型,阜宁县,865466_11,320937,14595600,865466,11,YC_FN_ZX_阜宁合利卫东_FL9_A_1,11,135,20926,8,909.5,954.5,10(50RB)[3],YC_FN_ZX_阜宁合利卫东_FL9,119.9494,33.81564,0,0,,,,,,,
阜宁县_合利卫东_宏站型,阜宁县,865466_21,320937,14595600,865466,21,YC_FN_ZX_阜宁合利卫东_FL9_B_1,21,136,20926,8,909.5,954.5,10(50RB)[3],YC_FN_ZX_阜宁合利卫东_FL9,119.9494,33.81564,7,120,,,,,,,
阜宁县_合利卫东_宏站型,阜宁县,865466_31,320937,14595600,865466,31,YC_FN_ZX_阜宁合利卫东_FL9_C_1,31,137,20926,8,909.5,954.5,10(50RB)[3],YC_FN_ZX_阜宁合利卫东_FL9,119.9494,33.81564,14,240,,,,,,,
东刘,建湖县,865210_11,320939,14596098,865210,11,YC_JH_ZX_东刘_FL9_A_1,11,54,20923,8,909.5,954.5,10(50RB)[3],YC_JH_ZX_东刘_FL9,119.953241,33.432621,0,0,,,,,,,
东刘,建湖县,865210_21,320939,14596098,865210,21,YC_JH_ZX_东刘_FL9_B_1,21,55,20923,8,909.5,954.5,10(50RB)[3],YC_JH_ZX_东刘_FL9,119.953241,33.432621,7,120,,,,,,,
东刘,建湖县,865210_31,320939,14596098,865210,31,YC_JH_ZX_东刘_FL9_C_1,31,56,20923,8,909.5,954.5,10(50RB)[3],YC_JH_ZX_东刘_FL9,119.953241,33.432621,14,240,,,,,,,
亭湖区_曰清六组_宏站型,亭湖区,864320_11,320932,14594068,864320,11,YC_TH_ZX_亭湖曰清六组_FL9_A_1,11,273,20914,8,909.5,954.5,10(50RB)[3],YC_TH_ZX_亭湖曰清六组_FL9,120.1946,33.46829,49,0,,,,,,,
亭湖区_曰清六组_宏站型,亭湖区,864320_21,320932,14594068,864320,21,YC_TH_ZX_亭湖曰清六组_FL9_B_1,21,274,20914,8,909.5,954.5,10(50RB)[3],YC_TH_ZX_亭湖曰清六组_FL9,120.1946,33.46829,70,120,,,,,,,
亭湖区_曰清六组_宏站型,亭湖区,864320_31,320932,14594068,864320,31,YC_TH_ZX_亭湖曰清六组_FL9_C_1,31,275,20914,8,909.5,954.5,10(50RB)[3],YC_TH_ZX_亭湖曰清六组_FL9,120.1946,33.46829,84,240,,,,,,,
特庸永星安置小区,射阳县,865713_11,320938,14595858,865713,11,YC_SY_ZX_射阳特庸永星安置小区_FL9_A_1,11,192,20924,8,909.5,954.5,10(50RB)[3],YC_SY_ZX_射阳特庸永星安置小区_FL9,120.27503,33.51327,0,0,,,,,,,
特庸永星安置小区,射阳县,865713_21,320938,14595858,865713,21,YC_SY_ZX_射阳特庸永星安置小区_FL9_B_1,21,193,20924,8,909.5,954.5,10(50RB)[3],YC_SY_ZX_射阳特庸永星安置小区_FL9,120.27503,33.51327,63,120,,,,,,,
特庸永星安置小区,射阳县,865713_31,320938,14595858,865713,31,YC_SY_ZX_射阳特庸永星安置小区_FL9_C_1,31,194,20924,8,909.5,954.5,10(50RB)[3],YC_SY_ZX_射阳特庸永星安置小区_FL9,120.27503,33.51327,70,240,,,,,,,
阜宁县_合利许合新村_宏站型,阜宁县,865912_11,320937,14595614,865912,11,YC_FN_ZX_阜宁合利许合新村_FL9_A_1,11,258,20926,8,909.5,954.5,10(50RB)[3],YC_FN_ZX_阜宁合利许合新村_FL9,119.87455,33.80408,28,0,,,,,,,
阜宁县_合利许合新村_宏站型,阜宁县,865912_21,320937,14595614,865912,21,YC_FN_ZX_阜宁合利许合新村_FL9_B_1,21,259,20926,8,909.5,954.5,10(50RB)[3],YC_FN_ZX_阜宁合利许合新村_FL9,119.87455,33.80408,35,120,,,,,,,
阜宁县_合利许合新村_宏站型,阜宁县,865912_31,320937,14595614,865912,31,YC_FN_ZX_阜宁合利许合新村_FL9_C_1,31,260,20926,8,909.5,954.5,10(50RB)[3],YC_FN_ZX_阜宁合利许合新村_FL9,119.87455,33.80408,49,240,,,,,,,
龙冈冈北村,盐都区,865589_11,320931,14594319,865589,11,YC_YD_ZX_龙冈冈北村_FL9_A_1,11,198,20821,8,909.5,954.5,10(50RB)[3],YC_YD_ZX_龙冈冈北村_FL9,120.012,33.3893,0,0,,,,,,,
龙冈冈北村,盐都区,865589_21,320931,14594319,865589,21,YC_YD_ZX_龙冈冈北村_FL9_B_1,21,199,20821,8,909.5,954.5,10(50RB)[3],YC_YD_ZX_龙冈冈北村_FL9,120.012,33.3893,7,120,,,,,,,
龙冈冈北村,盐都区,865589_31,320931,14594319,865589,31,YC_YD_ZX_龙冈冈北村_FL9_C_1,31,200,20821,8,909.5,954.5,10(50RB)[3],YC_YD_ZX_龙冈冈北村_FL9,120.012,33.3893,14,240,,,,,,,
亭湖区_盐东加谷_宏站型,亭湖区,866544_11,320932,14594061,866544,11,YC_TH_ZX_亭湖盐东加谷_FL9_A_1,11,240,20914,8,909.5,954.5,10(50RB)[3],YC_TH_ZX_亭湖盐东加谷_FL9,120.31942,33.47896,7,0,,,,,,,
亭湖区_盐东加谷_宏站型,亭湖区,866544_21,320932,14594061,866544,21,YC_TH_ZX_亭湖盐东加谷_FL9_B_1,21,241,20914,8,909.5,954.5,10(50RB)[3],YC_TH_ZX_亭湖盐东加谷_FL9,120.31942,33.47896,14,120,,,,,,,
亭湖区_盐东加谷_宏站型,亭湖区,866544_31,320932,14594061,866544,31,YC_TH_ZX_亭湖盐东加谷_FL9_C_1,31,242,20914,8,909.5,954.5,10(50RB)[3],YC_TH_ZX_亭湖盐东加谷_FL9,120.31942,33.47896,49,240,,,,,,,
北蒋童成,盐都区,865147_11,320931,14594308,865147,11,YC_YD_ZX_北蒋童成_FL9_A_1,11,288,20920,8,909.5,954.5,10(50RB)[3],YC_YD_ZX_北蒋童成_FL9,120.014501,33.256001,42,0,,,,,,,
北蒋童成,盐都区,865147_21,320931,14594308,865147,21,YC_YD_ZX_北蒋童成_FL9_B_1,21,289,20920,8,909.5,954.5,10(50RB)[3],YC_YD_ZX_北蒋童成_FL9,120.014501,33.256001,49,120,,,,,,,
北蒋童成,盐都区,865147_31,320931,14594308,865147,31,YC_YD_ZX_北蒋童成_FL9_C_1,31,290,20920,8,909.5,954.5,10(50RB)[3],YC_YD_ZX_北蒋童成_FL9,120.014501,33.256001,56,240,,,,,,,
郭猛薛庄,盐都区,865433_11,320931,14594316,865433,11,YC_YD_ZX_郭猛薛庄_FL9_A_1,11,264,20920,8,909.5,954.5,10(50RB)[3],YC_YD_ZX_郭猛薛庄_FL9,120.013361,33.309711,0,20,,,,,,,
郭猛薛庄,盐都区,865433_21,320931,14594316,865433,21,YC_YD_ZX_郭猛薛庄_FL9_B_1,21,265,20920,8,909.5,954.5,10(50RB)[3],YC_YD_ZX_郭猛薛庄_FL9,120.013361,33.309711,7,130,,,,,,,
郭猛薛庄,盐都区,865433_31,320931,14594316,865433,31,YC_YD_ZX_郭猛薛庄_FL9_C_1,31,266,20920,8,909.5,954.5,10(50RB)[3],YC_YD_ZX_郭猛薛庄_FL9,120.013361,33.309711,14,240,,,,,,,
丹顶鹤保护区铁塔,亭湖区,865770_11,320932,14594060,865770,11,YC_TH_ZX_丹顶鹤保护区铁塔_FL9_A_1,11,3,20914,8,909.5,954.5,10(50RB)[3],YC_TH_ZX_丹顶鹤保护区铁塔_FL9,120.503889,33.599722,0,0,,,,,,,
丹顶鹤保护区铁塔,亭湖区,865770_21,320932,14594060,865770,21,YC_TH_ZX_丹顶鹤保护区铁塔_FL9_B_1,21,4,20914,8,909.5,954.5,10(50RB)[3],YC_TH_ZX_丹顶鹤保护区铁塔_FL9,120.503889,33.599722,7,120,,,,,,,
丹顶鹤保护区铁塔,亭湖区,865770_31,320932,14594060,865770,31,YC_TH_ZX_丹顶鹤保护区铁塔_FL9_C_1,31,5,20914,8,909.5,954.5,10(50RB)[3],YC_TH_ZX_丹顶鹤保护区铁塔_FL9,120.503889,33.599722,14,240,,,,,,,
洋马东移,射阳县,866041_11,320938,14595871,866041,11,YC_SY_ZX_洋马东移_FL9_A_1,11,312,20924,8,909.5,954.5,10(50RB)[3],YC_SY_ZX_洋马东移_FL9,120.406788,33.597946,0,20,,,,,,,
洋马东移,射阳县,866041_21,320938,14595871,866041,21,YC_SY_ZX_洋马东移_FL9_B_1,21,313,20924,8,909.5,954.5,10(50RB)[3],YC_SY_ZX_洋马东移_FL9,120.406788,33.597946,7,140,,,,,,,
洋马东移,射阳县,866041_31,320938,14595871,866041,31,YC_SY_ZX_洋马东移_FL9_C_1,31,314,20924,8,909.5,954.5,10(50RB)[3],YC_SY_ZX_洋马东移_FL9,120.406788,33.597946,14,250,,,,,,,
盐都区_义丰大范_宏站型,盐都区,865273_41,320931,14594314,865273,41,YC_YD_ZX_盐都义丰大范_FL9_A_1,41,324,20920,8,909.5,954.5,10(50RB)[3],YC_YD_ZX_大纵湖陈庄村_FL9,119.89145,33.234656,49,0,,,,,,,
盐都区_义丰大范_宏站型,盐都区,865273_51,320931,14594314,865273,51,YC_YD_ZX_盐都义丰大范_FL9_B_1,51,325,20920,8,909.5,954.5,10(50RB)[3],YC_YD_ZX_大纵湖陈庄村_FL9,119.89145,33.234656,56,120,,,,,,,
盐都区_义丰大范_宏站型,盐都区,865273_61,320931,14594314,865273,61,YC_YD_ZX_盐都义丰大范_FL9_C_1,61,326,20920,8,909.5,954.5,10(50RB)[3],YC_YD_ZX_大纵湖陈庄村_FL9,119.89145,33.234656,63,240,,,,,,,
窑湾北,阜宁县,865343_11,320937,14595593,865343,11,YC_FN_ZX_阜宁窑湾北_FL9_A_1,11,12,20919,8,909.5,954.5,10(50RB)[3],YC_FN_ZX_阜宁窑湾北_FL9,119.82041,33.79071,70,0,,,,,,,
窑湾北,阜宁县,865343_21,320937,14595593,865343,21,YC_FN_ZX_阜宁窑湾北_FL9_B_1,21,13,20919,8,909.5,954.5,10(50RB)[3],YC_FN_ZX_阜宁窑湾北_FL9,119.82041,33.79071,77,120,,,,,,,
窑湾北,阜宁县,865343_31,320937,14595593,865343,31,YC_FN_ZX_阜宁窑湾北_FL9_C_1,31,14,20919,8,909.5,954.5,10(50RB)[3],YC_FN_ZX_阜宁窑湾北_FL9,119.82041,33.79071,91,240,,,,,,,
规划站104,滨海县,865358_11,320936,14595339,865358,11,YC_BH_ZX_规划站104_FL9_A_1,11,366,20925,8,909.5,954.5,10(50RB)[3],YC_BH_ZX_规划站104_FL9,119.858418,33.815503,0,0,,,,,,,
规划站104,滨海县,865358_21,320936,14595339,865358,21,YC_BH_ZX_规划站104_FL9_B_1,21,367,20925,8,909.5,954.5,10(50RB)[3],YC_BH_ZX_规划站104_FL9,119.858418,33.815503,7,120,,,,,,,
规划站104,滨海县,865358_31,320936,14595339,865358,31,YC_BH_ZX_规划站104_FL9_C_1,31,368,20925,8,909.5,954.5,10(50RB)[3],YC_BH_ZX_规划站104_FL9,119.858418,33.815503,14,240,,,,,,,
滨海八滩南湾,滨海县,865123_11,320936,14595329,865123,11,YC_BH_ZX_滨海八滩南湾_FL9_A_1,11,369,20925,8,909.5,954.5,10(50RB)[3],YC_BH_ZX_滨海八滩南湾_FL9,120.104,34.062,0,0,,,,,,,
滨海八滩南湾,滨海县,865123_21,320936,14595329,865123,21,YC_BH_ZX_滨海八滩南湾_FL9_B_1,21,370,20925,8,909.5,954.5,10(50RB)[3],YC_BH_ZX_滨海八滩南湾_FL9,120.104,34.062,7,120,,,,,,,
滨海八滩南湾,滨海县,865123_31,320936,14595329,865123,31,YC_BH_ZX_滨海八滩南湾_FL9_C_1,31,371,20925,8,909.5,954.5,10(50RB)[3],YC_BH_ZX_滨海八滩南湾_FL9,120.104,34.062,14,240,,,,,,,
规划-八滩镇-姜庄,滨海县,865943_11,320936,14595354,865943,11,YC_BH_ZX_规划-八滩镇-姜庄_FL9_A_1,11,66,20925,8,909.5,954.5,10(50RB)[3],YC_BH_ZX_规划-八滩镇-姜庄_FL9,120.069041,34.100331,21,0,,,,,,,
规划-八滩镇-姜庄,滨海县,865943_21,320936,14595354,865943,21,YC_BH_ZX_规划-八滩镇-姜庄_FL9_B_1,21,67,20925,8,909.5,954.5,10(50RB)[3],YC_BH_ZX_规划-八滩镇-姜庄_FL9,120.069041,34.100331,28,120,,,,,,,
规划-八滩镇-姜庄,滨海县,865943_31,320936,14595354,865943,31,YC_BH_ZX_规划-八滩镇-姜庄_FL9_C_1,31,68,20925,8,909.5,954.5,10(50RB)[3],YC_BH_ZX_规划-八滩镇-姜庄_FL9,120.069041,34.100331,35,240,,,,,,,
H4响水大有一分场_C电信,响水县,865480_11,320935,14595078,865480,11,YC_XS_ZX_H4响水大有一分场_C电信_FL9_A_1,11,366,20409,8,909.5,954.5,10(50RB)[3],YC_XS_ZX_H4响水大有一分场_C电信_FL9,119.9086,34.2344,0,0,,,,,,,
H4响水大有一分场_C电信,响水县,865480_21,320935,14595078,865480,21,YC_XS_ZX_H4响水大有一分场_C电信_FL9_B_1,21,367,20409,8,909.5,954.5,10(50RB)[3],YC_XS_ZX_H4响水大有一分场_C电信_FL9,119.9086,34.2344,7,120,,,,,,,
H4响水大有一分场_C电信,响水县,865480_31,320935,14595078,865480,31,YC_XS_ZX_H4响水大有一分场_C电信_FL9_C_1,31,368,20409,8,909.5,954.5,10(50RB)[3],YC_XS_ZX_H4响水大有一分场_C电信_FL9,119.9086,34.2344,14,240,,,,,,,
射阜线5铁塔,射阳县,865360_11,320938,14595843,865360,11,YC_SY_ZX_射阜线5铁塔_FL9_A_1,11,75,20924,8,909.5,954.5,10(50RB)[3],YC_SY_ZX_射阜线5铁塔_FL9,120.0114215,33.7557,63,0,,,,,,,
射阜线5铁塔,射阳县,865360_21,320938,14595843,865360,21,YC_SY_ZX_射阜线5铁塔_FL9_B_1,21,76,20924,8,909.5,954.5,10(50RB)[3],YC_SY_ZX_射阜线5铁塔_FL9,120.0114215,33.7557,70,120,,,,,,,
射阜线5铁塔,射阳县,865360_31,320938,14595843,865360,31,YC_SY_ZX_射阜线5铁塔_FL9_C_1,31,77,20924,8,909.5,954.5,10(50RB)[3],YC_SY_ZX_射阜线5铁塔_FL9,120.0114215,33.7557,77,240,,,,,,,
永坛,射阳县,865360_41,320938,14595843,865360,41,YC_SY_ZX_永坛_FL9_A_1,41,54,20924,8,909.5,954.5,10(50RB)[3],YC_SY_ZX_射阜线5铁塔_FL9,119.980231,33.770121,42,0,,,,,,,
永坛,射阳县,865360_51,320938,14595843,865360,51,YC_SY_ZX_永坛_FL9_B_1,51,55,20924,8,909.5,954.5,10(50RB)[3],YC_SY_ZX_射阜线5铁塔_FL9,119.980231,33.770121,49,120,,,,,,,
永坛,射阳县,865360_61,320938,14595843,865360,61,YC_SY_ZX_永坛_FL9_C_1,61,56,20924,8,909.5,954.5,10(50RB)[3],YC_SY_ZX_射阜线5铁塔_FL9,119.980231,33.770121,56,240,,,,,,,
大冈高速,盐都区,865265_11,320931,14594312,865265,11,YC_YD_ZX_大冈高速_FL9_A_1,11,138,20920,8,909.5,954.5,10(50RB)[3],YC_YD_ZX_大冈高速_FL9,120.121801,33.205201,0,0,,,,,,,
大冈高速,盐都区,865265_21,320931,14594312,865265,21,YC_YD_ZX_大冈高速_FL9_B_1,21,139,20920,8,909.5,954.5,10(50RB)[3],YC_YD_ZX_大冈高速_FL9,120.121801,33.205201,7,120,,,,,,,
大冈高速,盐都区,865265_31,320931,14594312,865265,31,YC_YD_ZX_大冈高速_FL9_C_1,31,140,20920,8,909.5,954.5,10(50RB)[3],YC_YD_ZX_大冈高速_FL9,120.121801,33.205201,14,240,,,,,,,
建湖县_庆丰董徐安置房省级示范区_宏站型,建湖县,865707_11,320939,14596117,865707,11,YC_JH_ZX_建湖庆丰董徐安置房省级示范区_FL9_A_1,11,120,20923,8,909.5,954.5,10(50RB)[3],YC_JH_ZX_建湖庆丰董徐安置房省级示范区_FL9,119.91105,33.42843,42,0,,,,,,,
建湖县_庆丰董徐安置房省级示范区_宏站型,建湖县,865707_21,320939,14596117,865707,21,YC_JH_ZX_建湖庆丰董徐安置房省级示范区_FL9_B_1,21,121,20923,8,909.5,954.5,10(50RB)[3],YC_JH_ZX_建湖庆丰董徐安置房省级示范区_FL9,119.91105,33.42843,49,120,,,,,,,
建湖县_庆丰董徐安置房省级示范区_宏站型,建湖县,865707_31,320939,14596117,865707,31,YC_JH_ZX_建湖庆丰董徐安置房省级示范区_FL9_C_1,31,122,20923,8,909.5,954.5,10(50RB)[3],YC_JH_ZX_建湖庆丰董徐安置房省级示范区_FL9,119.91105,33.42843,56,240,,,,,,,
响水五分场,响水县,865919_11,320935,14595091,865919,11,YC_XS_ZX_响水五分场_FL9_A_1,11,282,20409,8,909.5,954.5,10(50RB)[3],YC_XS_ZX_响水五分场_FL9,119.96123,34.27427,21,0,,,,,,,
响水五分场,响水县,865919_21,320935,14595091,865919,21,YC_XS_ZX_响水五分场_FL9_B_1,21,283,20409,8,909.5,954.5,10(50RB)[3],YC_XS_ZX_响水五分场_FL9,119.96123,34.27427,28,120,,,,,,,
响水五分场,响水县,865919_31,320935,14595091,865919,31,YC_XS_ZX_响水五分场_FL9_C_1,31,284,20409,8,909.5,954.5,10(50RB)[3],YC_XS_ZX_响水五分场_FL9,119.96123,34.27427,35,240,,,,,,,
兴桥友谊十一组,射阳县,865772_11,320938,14595865,865772,11,YC_SY_ZX_兴桥友谊十一组_FL9_A_1,11,270,20924,8,909.5,954.5,10(50RB)[3],YC_SY_ZX_兴桥友谊十一组_FL9,120.196624,33.638794,0,0,,,,,,,
兴桥友谊十一组,射阳县,865772_21,320938,14595865,865772,21,YC_SY_ZX_兴桥友谊十一组_FL9_B_1,21,271,20924,8,909.5,954.5,10(50RB)[3],YC_SY_ZX_兴桥友谊十一组_FL9,120.196624,33.638794,7,120,,,,,,,
兴桥友谊十一组,射阳县,865772_31,320938,14595865,865772,31,YC_SY_ZX_兴桥友谊十一组_FL9_C_1,31,272,20924,8,909.5,954.5,10(50RB)[3],YC_SY_ZX_兴桥友谊十一组_FL9,120.196624,33.638794,14,240,,,,,,,
射阳县_虹亚新城一期_宏站型,射阳县,865683_11,320938,14595856,865683,11,YC_SY_ZX_射阳县_虹亚新城一期_宏站型_FL9_A_1,11,378,20915,8,909.5,954.5,10(50RB)[3],YC_SY_ZX_射阳县_虹亚新城一期_宏站型_FL9,120.254,33.7644,98,320,,,,,,,
射阳县_虹亚新城一期_宏站型,射阳县,865683_21,320938,14595856,865683,21,YC_SY_ZX_射阳县_虹亚新城一期_宏站型_FL9_B_1,21,379,20915,8,909.5,954.5,10(50RB)[3],YC_SY_ZX_射阳县_虹亚新城一期_宏站型_FL9,120.254,33.7644,112,90,,,,,,,
射阳县_虹亚新城一期_宏站型,射阳县,865683_31,320938,14595856,865683,31,YC_SY_ZX_射阳县_虹亚新城一期_宏站型_FL9_C_1,31,380,20915,8,909.5,954.5,10(50RB)[3],YC_SY_ZX_射阳县_虹亚新城一期_宏站型_FL9,120.254,33.7644,119,240,,,,,,,
后港雍庄,东台市,865476_11,320933,14594581,865476,11,YC_DT_ZX_后港雍庄_FL9_A_1,11,330,20922,8,909.5,954.5,10(50RB)[3],YC_DT_ZX_后港雍庄_FL9,120.230957,32.701752,0,0,,,,,,,
后港雍庄,东台市,865476_21,320933,14594581,865476,21,YC_DT_ZX_后港雍庄_FL9_B_1,21,331,20922,8,909.5,954.5,10(50RB)[3],YC_DT_ZX_后港雍庄_FL9,120.230957,32.701752,7,120,,,,,,,
后港雍庄,东台市,865476_31,320933,14594581,865476,31,YC_DT_ZX_后港雍庄_FL9_C_1,31,332,20922,8,909.5,954.5,10(50RB)[3],YC_DT_ZX_后港雍庄_FL9,120.230957,32.701752,14,240,,,,,,,
台南周家舍,东台市,865840_11,320933,14594601,865840,11,YC_DT_ZX_台南周家舍_FL9_A_1,11,273,20922,8,909.5,954.5,10(50RB)[3],YC_DT_ZX_台南周家舍_FL9,120.299028,32.75118,0,0,,,,,,,
台南周家舍,东台市,865840_21,320933,14594601,865840,21,YC_DT_ZX_台南周家舍_FL9_B_1,21,274,20922,8,909.5,954.5,10(50RB)[3],YC_DT_ZX_台南周家舍_FL9,120.299028,32.75118,7,120,,,,,,,
台南周家舍,东台市,865840_31,320933,14594601,865840,31,YC_DT_ZX_台南周家舍_FL9_C_1,31,275,20922,8,909.5,954.5,10(50RB)[3],YC_DT_ZX_台南周家舍_FL9,120.299028,32.75118,14,240,,,,,,,
大丰市_常新南路与南环路交叉口_宏站型,大丰区,865858_11,320934,14594862,865858,11,YC_DF_ZX_大丰常新南路与南环路交叉口_FL9_A_1,11,150,20916,8,909.5,954.5,10(50RB)[3],YC_DF_ZX_大丰常新南路与南环路交叉口_FL9,120.44764,33.16386,7,300,,,,,,,
大丰市_常新南路与南环路交叉口_宏站型,大丰区,865858_21,320934,14594862,865858,21,YC_DF_ZX_大丰常新南路与南环路交叉口_FL9_B_1,21,151,20916,8,909.5,954.5,10(50RB)[3],YC_DF_ZX_大丰常新南路与南环路交叉口_FL9,120.44764,33.16386,14,105,,,,,,,
大丰市_常新南路与南环路交叉口_宏站型,大丰区,865858_31,320934,14594862,865858,31,YC_DF_ZX_大丰常新南路与南环路交叉口_FL9_C_1,31,152,20916,8,909.5,954.5,10(50RB)[3],YC_DF_ZX_大丰常新南路与南环路交叉口_FL9,120.44764,33.16386,28,220,,,,,,,
界牌三坝,滨海县,865513_11,320936,14595342,865513,11,YC_BH_ZX_界牌三坝_FL9_A_1,11,159,20925,8,909.5,954.5,10(50RB)[3],YC_BH_ZX_界牌三坝_FL9,119.846411,34.087352,0,0,,,,,,,
界牌三坝,滨海县,865513_21,320936,14595342,865513,21,YC_BH_ZX_界牌三坝_FL9_B_1,21,160,20925,8,909.5,954.5,10(50RB)[3],YC_BH_ZX_界牌三坝_FL9,119.846411,34.087352,7,120,,,,,,,
界牌三坝,滨海县,865513_31,320936,14595342,865513,31,YC_BH_ZX_界牌三坝_FL9_C_1,31,161,20925,8,909.5,954.5,10(50RB)[3],YC_BH_ZX_界牌三坝_FL9,119.846411,34.087352,14,240,,,,,,,
