物理站址名,归属,CI,子网ID,5G基站号-网元号,eNodeBID,SectorID-Eutran小区ID,CELLName,CellID-小区号,PCI,TAC,band,UplinkCenterCarrierFrequency,DownlinkCenterCarrierFrequency,下行信道带宽,网元名,经度,纬度,跟序列,方位角,业务IP地址,场景,站型,覆盖类型
东海彭码头宏站型,东海县,540681_11,320711,14611209,540681,11,LYG_DH_ZX_彭码头_FL9_A_1,11,435,20979,8,909.5,954.5,10M,LYG_DH_ZX_老庄_BBU2_FL,118.915241,34.463599,468,0,,农村,宏站,室外
东海彭码头宏站型,东海县,540681_21,320711,14611209,540681,21,LYG_DH_ZX_彭码头_FL9_B_1,21,436,20979,8,909.5,954.5,10M,LYG_DH_ZX_老庄_BBU2_FL,118.915241,34.463599,471,120,,农村,宏站,室外
东海彭码头宏站型,东海县,540681_31,320711,14611209,540681,31,LYG_DH_ZX_彭码头_FL9_C_1,31,437,20979,8,909.5,954.5,10M,LYG_DH_ZX_老庄_BBU2_FL,118.915241,34.463599,474,240,,农村,宏站,室外
东海县平明安营,东海县,540677_11,320711,14611205,540677,11,LYG_DH_ZX_平明安营_FL9_A_1,11,313,20979,8,909.5,954.5,10M,LYG_DH_ZX_安营_BBU3_FL,118.911389,34.515269,102,0,,农村,宏站,室外
东海县平明安营,东海县,540677_21,320711,14611205,540677,21,LYG_DH_ZX_平明安营_FL9_B_1,21,314,20979,8,909.5,954.5,10M,LYG_DH_ZX_安营_BBU3_FL,118.911389,34.515269,105,120,,农村,宏站,室外
东海县平明安营,东海县,540677_31,320711,14611205,540677,31,LYG_DH_ZX_平明安营_FL9_C_1,31,312,20979,8,909.5,954.5,10M,LYG_DH_ZX_安营_BBU3_FL,118.911389,34.515269,99,240,,农村,宏站,室外
东海平明崔庄机房-落地三管塔,东海县,540681_41,320711,14611209,540681,41,LYG_DH_ZX_平明崔庄_FL9_A_1,41,384,20979,8,909.5,954.5,10M,LYG_DH_ZX_老庄_BBU2_FL,118.931351,34.443991,315,0,,农村,宏站,室外
东海平明崔庄机房-落地三管塔,东海县,540681_51,320711,14611209,540681,51,LYG_DH_ZX_平明崔庄_FL9_B_1,51,385,20979,8,909.5,954.5,10M,LYG_DH_ZX_老庄_BBU2_FL,118.931351,34.443991,318,120,,农村,宏站,室外
东海平明崔庄机房-落地三管塔,东海县,540681_61,320711,14611209,540681,61,LYG_DH_ZX_平明崔庄_FL9_C_1,61,386,20979,8,909.5,954.5,10M,LYG_DH_ZX_老庄_BBU2_FL,118.931351,34.443991,321,240,,农村,宏站,室外
东海石榴埝河西机房-三管塔,东海县,540684_11,320711,14611212,540684,11,LYG_DH_ZX_石榴埝河西_FL9_A_1,11,457,20979,8,909.5,954.5,10M,LYG_DH_ZX_石榴埝河_BBU3_FL,118.776817,34.595642,534,60,,农村,宏站,室外
东海石榴埝河西机房-三管塔,东海县,540684_21,320711,14611212,540684,21,LYG_DH_ZX_石榴埝河西_FL9_B_1,21,458,20979,8,909.5,954.5,10M,LYG_DH_ZX_石榴埝河_BBU3_FL,118.776817,34.595642,537,230,,农村,宏站,室外
东海石榴埝河西机房-三管塔,东海县,540684_31,320711,14611212,540684,31,LYG_DH_ZX_石榴埝河西_FL9_C_1,31,456,20979,8,909.5,954.5,10M,LYG_DH_ZX_石榴埝河_BBU3_FL,118.776817,34.595642,531,300,,农村,宏站,室外
东海县温泉羽阳村,东海县,540675_11,320711,14611203,540675,11,LYG_DH_ZX_温泉羽阳村_FL9_A_1,11,49,20979,8,909.5,954.5,10M,LYG_DH_ZX_温泉朱沟_BBU5_FL,118.667601,34.641152,147,80,,农村,宏站,室外
东海县温泉羽阳村,东海县,540675_21,320711,14611203,540675,21,LYG_DH_ZX_温泉羽阳村_FL9_B_1,21,50,20979,8,909.5,954.5,10M,LYG_DH_ZX_温泉朱沟_BBU5_FL,118.667601,34.641152,150,170,,农村,宏站,室外
东海县温泉羽阳村,东海县,540675_31,320711,14611203,540675,31,LYG_DH_ZX_温泉羽阳村_FL9_C_1,31,48,20979,8,909.5,954.5,10M,LYG_DH_ZX_温泉朱沟_BBU5_FL,118.667601,34.641152,144,340,,农村,宏站,室外
东海_小街_宏站型,东海县,540689_11,320711,14611217,540689,11,LYG_DH_ZX_小街_FL9_A_1,11,450,20979,8,909.5,954.5,10M,LYG_DH_ZX_渔林_BBU5_FL,119.015001,34.427001,513,0,,农村,宏站,室外
东海_小街_宏站型,东海县,540689_21,320711,14611217,540689,21,LYG_DH_ZX_小街_FL9_B_1,21,451,20979,8,909.5,954.5,10M,LYG_DH_ZX_渔林_BBU5_FL,119.015001,34.427001,516,120,,农村,宏站,室外
东海_小街_宏站型,东海县,540689_31,320711,14611217,540689,31,LYG_DH_ZX_小街_FL9_C_1,31,452,20979,8,909.5,954.5,10M,LYG_DH_ZX_渔林_BBU5_FL,119.015001,34.427001,519,240,,农村,宏站,室外
东海_渔淋_宏站型_只交铁塔,东海县,540689_41,320711,14611217,540689,41,LYG_DH_ZX_鱼淋_FL9_A_1,41,447,20979,8,909.5,954.5,10M,LYG_DH_ZX_渔林_BBU5_FL,118.96615,34.41529,504,0,,农村,宏站,室外
东海_渔淋_宏站型_只交铁塔,东海县,540689_51,320711,14611217,540689,51,LYG_DH_ZX_鱼淋_FL9_B_1,51,448,20979,8,909.5,954.5,10M,LYG_DH_ZX_渔林_BBU5_FL,118.96615,34.41529,507,120,,农村,宏站,室外
东海_渔淋_宏站型_只交铁塔,东海县,540689_61,320711,14611217,540689,61,LYG_DH_ZX_鱼淋_FL9_C_1,61,449,20979,8,909.5,954.5,10M,LYG_DH_ZX_渔林_BBU5_FL,118.96615,34.41529,510,240,,农村,宏站,室外
陈老庄,灌南县,540715_11,320713,14611713,540715,11,LYG_GN_ZX_陈老庄_FL9_A_1,11,376,20979,8,909.5,954.5,10M,LYG_GN_ZX_北陈集_BBU4_FL,119.355804,34.178642,291,120,,农村,宏站,室外
陈老庄,灌南县,540715_21,320713,14611713,540715,21,LYG_GN_ZX_陈老庄_FL9_B_1,21,377,20979,8,909.5,954.5,10M,LYG_GN_ZX_北陈集_BBU4_FL,119.355804,34.178642,294,250,,农村,宏站,室外
陈老庄,灌南县,540715_31,320713,14611713,540715,31,LYG_GN_ZX_陈老庄_FL9_C_1,31,375,20979,8,909.5,954.5,10M,LYG_GN_ZX_北陈集_BBU4_FL,119.355804,34.178642,288,350,,农村,宏站,室外
灌南花园北洋机房-三管塔,灌南县,540717_11,320713,14611715,540717,11,LYG_GN_ZX_花园北洋_FL9_A_1,11,495,20979,8,909.5,954.5,10M,LYG_GN_ZX_花园_BBU1_FL,119.41995,34.073356,648,0,,农村,宏站,室外
灌南花园北洋机房-三管塔,灌南县,540717_21,320713,14611715,540717,21,LYG_GN_ZX_花园北洋_FL9_B_1,21,496,20979,8,909.5,954.5,10M,LYG_GN_ZX_花园_BBU1_FL,119.41995,34.073356,651,90,,农村,宏站,室外
灌南花园北洋机房-三管塔,灌南县,540717_31,320713,14611715,540717,31,LYG_GN_ZX_花园北洋_FL9_C_1,31,497,20979,8,909.5,954.5,10M,LYG_GN_ZX_花园_BBU1_FL,119.41995,34.073356,654,260,,农村,宏站,室外
灌南三口成湾村机房-落地三管塔,灌南县,540719_41,320713,14611717,540719,41,LYG_GN_ZX_三口成湾村_FL9_A_1,41,442,20979,8,909.5,954.5,10M,LYG_GN_ZX_三口三合四组_BBU8_FL,119.525328,34.225661,489,130,,农村,宏站,室外
灌南三口成湾村机房-落地三管塔,灌南县,540719_51,320713,14611717,540719,51,LYG_GN_ZX_三口成湾村_FL9_B_1,51,443,20979,8,909.5,954.5,10M,LYG_GN_ZX_三口三合四组_BBU8_FL,119.525328,34.225661,492,240,,农村,宏站,室外
灌南三口成湾村机房-落地三管塔,灌南县,540719_61,320713,14611717,540719,61,LYG_GN_ZX_三口成湾村_FL9_C_1,61,441,20979,8,909.5,954.5,10M,LYG_GN_ZX_三口三合四组_BBU8_FL,119.525328,34.225661,486,340,,农村,宏站,室外
灌南三口大北租地机房-三管塔,灌南县,540718_11,320713,14611716,540718,11,LYG_GN_ZX_三口大北租地_FL9_A_1,11,342,20979,8,909.5,954.5,10M,LYG_GN_ZX_灌南三口_BBU4_FL,119.466931,34.180341,189,0,,农村,宏站,室外
灌南三口大北租地机房-三管塔,灌南县,540718_21,320713,14611716,540718,21,LYG_GN_ZX_三口大北租地_FL9_B_1,21,343,20979,8,909.5,954.5,10M,LYG_GN_ZX_灌南三口_BBU4_FL,119.466931,34.180341,192,100,,农村,宏站,室外
灌南三口大北租地机房-三管塔,灌南县,540718_31,320713,14611716,540718,31,LYG_GN_ZX_三口大北租地_FL9_C_1,31,344,20979,8,909.5,954.5,10M,LYG_GN_ZX_灌南三口_BBU4_FL,119.466931,34.180341,195,245,,农村,宏站,室外
灌南县三口镇洪圩村西,灌南县,540719_11,320713,14611717,540719,11,LYG_GN_ZX_三口镇洪圩村西_FL9_A_1,11,391,20979,8,909.5,954.5,10M,LYG_GN_ZX_三口三合四组_BBU8_FL,119.495582,34.198724,336,0,,农村,宏站,室外
灌南县三口镇洪圩村西,灌南县,540719_21,320713,14611717,540719,21,LYG_GN_ZX_三口镇洪圩村西_FL9_B_1,21,392,20979,8,909.5,954.5,10M,LYG_GN_ZX_三口三合四组_BBU8_FL,119.495582,34.198724,339,120,,农村,宏站,室外
灌南县三口镇洪圩村西,灌南县,540719_31,320713,14611717,540719,31,LYG_GN_ZX_三口镇洪圩村西_FL9_C_1,31,390,20979,8,909.5,954.5,10M,LYG_GN_ZX_三口三合四组_BBU8_FL,119.495582,34.198724,333,240,,农村,宏站,室外
灌南县三口镇友南村,灌南县,540719_71,320713,14611717,540719,71,LYG_GN_ZX_三口镇友南村_FL9_A_1,71,409,20979,8,909.5,954.5,10M,LYG_GN_ZX_三口三合四组_BBU8_FL,119.446807,34.196419,390,95,,农村,宏站,室外
灌南县三口镇友南村,灌南县,540719_81,320713,14611717,540719,81,LYG_GN_ZX_三口镇友南村_FL9_B_1,81,410,20979,8,909.5,954.5,10M,LYG_GN_ZX_三口三合四组_BBU8_FL,119.446807,34.196419,393,250,,农村,宏站,室外
灌南县三口镇友南村,灌南县,540719_91,320713,14611717,540719,91,LYG_GN_ZX_三口镇友南村_FL9_C_1,91,408,20979,8,909.5,954.5,10M,LYG_GN_ZX_三口三合四组_BBU8_FL,119.446807,34.196419,387,355,,农村,宏站,室外
灌南县田楼乡二队村南,灌南县,540720_41,320713,14611718,540720,41,LYG_GN_ZX_田楼乡二队村南_FL9_A_1,41,288,20979,8,909.5,954.5,10M,LYG_GN_ZX_田楼2_BBU5_FL,119.668811,34.270691,27,0,,农村,宏站,室外
灌南县田楼乡二队村南,灌南县,540720_51,320713,14611718,540720,51,LYG_GN_ZX_田楼乡二队村南_FL9_B_1,51,289,20979,8,909.5,954.5,10M,LYG_GN_ZX_田楼2_BBU5_FL,119.668811,34.270691,30,120,,农村,宏站,室外
灌南县田楼乡二队村南,灌南县,540720_61,320713,14611718,540720,61,LYG_GN_ZX_田楼乡二队村南_FL9_C_1,61,290,20979,8,909.5,954.5,10M,LYG_GN_ZX_田楼2_BBU5_FL,119.668811,34.270691,33,240,,农村,宏站,室外
灌南县田楼乡合兴村,灌南县,540714_11,320713,14611712,540714,11,LYG_GN_ZX_田楼乡合兴村_FL9_A_1,11,483,20979,8,909.5,954.5,10M,LYG_GU_ZX_田楼_BBU1_FL,119.620691,34.264293,612,55,,农村,宏站,室外
灌南县田楼乡合兴村,灌南县,540714_21,320713,14611712,540714,21,LYG_GN_ZX_田楼乡合兴村_FL9_B_1,21,485,20979,8,909.5,954.5,10M,LYG_GU_ZX_田楼_BBU1_FL,119.620691,34.264293,618,230,,农村,宏站,室外
灌南县田楼乡合兴村,灌南县,540714_31,320713,14611712,540714,31,LYG_GN_ZX_田楼乡合兴村_FL9_C_1,31,484,20979,8,909.5,954.5,10M,LYG_GU_ZX_田楼_BBU1_FL,119.620691,34.264293,615,320,,农村,宏站,室外
灌南县田楼乡头庄村北,灌南县,540722_11,320713,14611720,540722,11,LYG_GN_ZX_田楼乡头庄村北_FL9_A_1,11,451,20979,8,909.5,954.5,10M,LYG_GN_ZX_新盘_BBU4_FL,119.529986,34.239741,516,100,,农村,宏站,室外
灌南县田楼乡头庄村北,灌南县,540722_21,320713,14611720,540722,21,LYG_GN_ZX_田楼乡头庄村北_FL9_B_1,21,452,20979,8,909.5,954.5,10M,LYG_GN_ZX_新盘_BBU4_FL,119.529986,34.239741,519,260,,农村,宏站,室外
灌南县田楼乡头庄村北,灌南县,540722_31,320713,14611720,540722,31,LYG_GN_ZX_田楼乡头庄村北_FL9_C_1,31,450,20979,8,909.5,954.5,10M,LYG_GN_ZX_新盘_BBU4_FL,119.529986,34.239741,513,350,,农村,宏站,室外
灌南县田楼乡永志村西,灌南县,540720_11,320713,14611718,540720,11,LYG_GN_ZX_田楼乡永志村西_FL9_A_1,11,295,20979,8,909.5,954.5,10M,LYG_GN_ZX_田楼2_BBU5_FL,119.656821,34.262941,48,0,,农村,宏站,室外
灌南县田楼乡永志村西,灌南县,540720_21,320713,14611718,540720,21,LYG_GN_ZX_田楼乡永志村西_FL9_B_1,21,296,20979,8,909.5,954.5,10M,LYG_GN_ZX_田楼2_BBU5_FL,119.656821,34.262941,51,120,,农村,宏站,室外
灌南县田楼乡永志村西,灌南县,540720_31,320713,14611718,540720,31,LYG_GN_ZX_田楼乡永志村西_FL9_C_1,31,294,20979,8,909.5,954.5,10M,LYG_GN_ZX_田楼2_BBU5_FL,119.656821,34.262941,45,240,,农村,宏站,室外
灌南三口尾连庄机房-落地角钢塔,灌南县,540718_41,320713,14611716,540718,41,LYG_GN_ZX_尾连庄_FL9_A_1,41,387,20979,8,909.5,954.5,10M,LYG_GN_ZX_灌南三口_BBU4_FL,119.445481,34.155351,324,0,,农村,宏站,室外
灌南三口尾连庄机房-落地角钢塔,灌南县,540718_51,320713,14611716,540718,51,LYG_GN_ZX_尾连庄_FL9_B_1,51,388,20979,8,909.5,954.5,10M,LYG_GN_ZX_灌南三口_BBU4_FL,119.445481,34.155351,327,120,,农村,宏站,室外
灌南三口尾连庄机房-落地角钢塔,灌南县,540718_61,320713,14611716,540718,61,LYG_GN_ZX_尾连庄_FL9_C_1,61,389,20979,8,909.5,954.5,10M,LYG_GN_ZX_灌南三口_BBU4_FL,119.445481,34.155351,330,240,,农村,宏站,室外
赣榆区班庄镇彭黄泥沟村,赣榆区,540704_11,320712,14610957,540704,11,LYG_GU_ZX_班庄镇彭黄泥沟村_FL9_A_1,11,405,20978,8,909.5,954.5,10M,LYG_GU_ZX_黄泥沟_BBU4_FL,118.874957,34.822116,378,10,,农村,宏站,室外
赣榆区班庄镇彭黄泥沟村,赣榆区,540704_21,320712,14610957,540704,21,LYG_GU_ZX_班庄镇彭黄泥沟村_FL9_B_1,21,406,20978,8,909.5,954.5,10M,LYG_GU_ZX_黄泥沟_BBU4_FL,118.874957,34.822116,381,100,,农村,宏站,室外
赣榆区班庄镇彭黄泥沟村,赣榆区,540704_31,320712,14610957,540704,31,LYG_GU_ZX_班庄镇彭黄泥沟村_FL9_C_1,31,407,20978,8,909.5,954.5,10M,LYG_GU_ZX_黄泥沟_BBU4_FL,118.874957,34.822116,384,250,,农村,宏站,室外
赣榆城头东刘夫机房-落地角钢塔,赣榆区,540691_11,320712,14610944,540691,11,LYG_GU_ZX_城头东刘夫_FL9_A_1,11,427,20978,8,909.5,954.5,10M,LYG_GU_ZX_城头_BBU3_FL,118.941601,34.899511,444,65,,农村,宏站,室外
赣榆城头东刘夫机房-落地角钢塔,赣榆区,540691_21,320712,14610944,540691,21,LYG_GU_ZX_城头东刘夫_FL9_B_1,21,428,20978,8,909.5,954.5,10M,LYG_GU_ZX_城头_BBU3_FL,118.941601,34.899511,447,180,,农村,宏站,室外
赣榆城头东刘夫机房-落地角钢塔,赣榆区,540691_31,320712,14610944,540691,31,LYG_GU_ZX_城头东刘夫_FL9_C_1,31,426,20978,8,909.5,954.5,10M,LYG_GU_ZX_城头_BBU3_FL,118.941601,34.899511,441,280,,农村,宏站,室外
赣榆区城头镇西刘夫村,赣榆区,540691_41,320712,14610944,540691,41,LYG_GU_ZX_城头镇后西刘夫村_FL9_A_1,41,385,20978,8,909.5,954.5,10M,LYG_GU_ZX_城头_BBU3_FL,118.928782,34.899287,318,100,,农村,宏站,室外
赣榆区城头镇西刘夫村,赣榆区,540691_51,320712,14610944,540691,51,LYG_GU_ZX_城头镇后西刘夫村_FL9_B_1,51,386,20978,8,909.5,954.5,10M,LYG_GU_ZX_城头_BBU3_FL,118.928782,34.899287,321,210,,农村,宏站,室外
赣榆区城头镇西刘夫村,赣榆区,540691_61,320712,14610944,540691,61,LYG_GU_ZX_城头镇后西刘夫村_FL9_C_1,61,384,20978,8,909.5,954.5,10M,LYG_GU_ZX_城头_BBU3_FL,118.928782,34.899287,315,330,,农村,宏站,室外
赣榆区大新庄北,赣榆区,540713_11,320712,14610966,540713,11,LYG_GU_ZX_大新庄北_FL9_A_1,11,456,20978,8,909.5,954.5,10M,LYG_GU_ZX_柘汪_BBU4_FL,119.228589,35.066535,531,0,,农村,宏站,室外
赣榆区大新庄北,赣榆区,540713_21,320712,14610966,540713,21,LYG_GU_ZX_大新庄北_FL9_B_1,21,457,20978,8,909.5,954.5,10M,LYG_GU_ZX_柘汪_BBU4_FL,119.228589,35.066535,534,70,,农村,宏站,室外
赣榆区大新庄北,赣榆区,540713_31,320712,14610966,540713,31,LYG_GU_ZX_大新庄北_FL9_C_1,31,458,20978,8,909.5,954.5,10M,LYG_GU_ZX_柘汪_BBU4_FL,119.228589,35.066535,537,250,,农村,宏站,室外
赣榆大莒城机房-角钢塔,赣榆区,540730_11,320712,14610967,540730,11,LYG_GU_ZX_赣榆大莒城_FL9_A_1,11,42,20978,8,909.5,954.5,10M,LYG_GU_ZX_枣行东_BBU6_FL,119.016812,34.891991,120,0,,农村,宏站,室外
赣榆大莒城机房-角钢塔,赣榆区,540730_21,320712,14610967,540730,21,LYG_GU_ZX_赣榆大莒城_FL9_B_1,21,43,20978,8,909.5,954.5,10M,LYG_GU_ZX_枣行东_BBU6_FL,120.016812,34.891992,123,120,,农村,宏站,室外
赣榆大莒城机房-角钢塔,赣榆区,540730_31,320712,14610967,540730,31,LYG_GU_ZX_赣榆大莒城_FL9_C_1,31,44,20978,8,909.5,954.5,10M,LYG_GU_ZX_枣行东_BBU6_FL,121.016812,34.891993,126,240,,农村,宏站,室外
赣榆海头房家村,赣榆区,540700_11,320712,14610953,540700,11,LYG_GU_ZX_赣榆海头房家村_FL9_A_1,11,294,20978,8,909.5,954.5,10M,LYG_GU_ZX_赣榆龙河东_BBU1_FL,119.15726,34.956895,45,0,,农村,宏站,室外
赣榆海头房家村,赣榆区,540700_21,320712,14610953,540700,21,LYG_GU_ZX_赣榆海头房家村_FL9_B_1,21,295,20978,8,909.5,954.5,10M,LYG_GU_ZX_赣榆龙河东_BBU1_FL,119.15726,34.956895,48,120,,农村,宏站,室外
赣榆海头房家村,赣榆区,540700_31,320712,14610953,540700,31,LYG_GU_ZX_赣榆海头房家村_FL9_C_1,31,296,20978,8,909.5,954.5,10M,LYG_GU_ZX_赣榆龙河东_BBU1_FL,119.15726,34.956895,51,240,,农村,宏站,室外
赣榆石沟埃机房-落地角钢塔,赣榆区,540703_11,320712,14610956,540703,11,LYG_GU_ZX_赣榆石沟埃_FL9_A_1,11,334,20978,8,909.5,954.5,10M,LYG_GU_ZX_欢墩_BBU4_FL,118.784181,34.804341,165,60,,农村,宏站,室外
赣榆石沟埃机房-落地角钢塔,赣榆区,540703_21,320712,14610956,540703,21,LYG_GU_ZX_赣榆石沟埃_FL9_B_1,21,335,20978,8,909.5,954.5,10M,LYG_GU_ZX_欢墩_BBU4_FL,118.784181,34.804341,168,190,,农村,宏站,室外
赣榆石沟埃机房-落地角钢塔,赣榆区,540703_31,320712,14610956,540703,31,LYG_GU_ZX_赣榆石沟埃_FL9_C_1,31,333,20978,8,909.5,954.5,10M,LYG_GU_ZX_欢墩_BBU4_FL,118.784181,34.804341,162,330,,农村,宏站,室外
古城小河村-落地三管塔,赣榆区,540701_41,320712,14610954,540701,41,LYG_GU_ZX_古城小河村_FL9_A_1,41,310,20978,8,909.5,954.5,10M,LYG_GU_ZX_古城_BBU5_FL,118.812732,34.872307,93,0,,农村,宏站,室外
古城小河村-落地三管塔,赣榆区,540701_51,320712,14610954,540701,51,LYG_GU_ZX_古城小河村_FL9_B_1,51,311,20978,8,909.5,954.5,10M,LYG_GU_ZX_古城_BBU5_FL,118.812732,34.872307,96,120,,农村,宏站,室外
古城小河村-落地三管塔,赣榆区,540701_61,320712,14610954,540701,61,LYG_GU_ZX_古城小河村_FL9_C_1,61,309,20978,8,909.5,954.5,10M,LYG_GU_ZX_古城_BBU5_FL,118.812732,34.872307,90,240,,农村,宏站,室外
赣榆区门河乡彭瓦沟村,赣榆区,540711_11,320712,14610964,540711,11,LYG_GU_ZX_门河乡彭瓦沟村_FL9_A_1,11,400,20978,8,909.5,954.5,10M,LYG_GU_ZX_杨门河(陆瓦沟)_BBU1_FL,118.924005,34.797981,363,60,,农村,宏站,室外
赣榆区门河乡彭瓦沟村,赣榆区,540711_21,320712,14610964,540711,21,LYG_GU_ZX_门河乡彭瓦沟村_FL9_B_1,21,401,20978,8,909.5,954.5,10M,LYG_GU_ZX_杨门河(陆瓦沟)_BBU1_FL,118.924005,34.797981,366,190,,农村,宏站,室外
赣榆区门河乡彭瓦沟村,赣榆区,540711_31,320712,14610964,540711,31,LYG_GU_ZX_门河乡彭瓦沟村_FL9_C_1,31,399,20978,8,909.5,954.5,10M,LYG_GU_ZX_杨门河(陆瓦沟)_BBU1_FL,118.924005,34.797981,360,340,,农村,宏站,室外
赣榆区沙河镇小站村,赣榆区,540698_11,320712,14610951,540698,11,LYG_GU_ZX_沙河镇小站村_FL9_A_1,11,448,20978,8,909.5,954.5,10M,LYG_GU_ZX_大站村_BBU3_FL,118.951651,34.758389,507,120,,农村,宏站,室外
赣榆区沙河镇小站村,赣榆区,540698_21,320712,14610951,540698,21,LYG_GU_ZX_沙河镇小站村_FL9_B_1,21,449,20978,8,909.5,954.5,10M,LYG_GU_ZX_大站村_BBU3_FL,118.951651,34.758389,510,260,,农村,宏站,室外
赣榆区沙河镇小站村,赣榆区,540698_31,320712,14610951,540698,31,LYG_GU_ZX_沙河镇小站村_FL9_C_1,31,447,20978,8,909.5,954.5,10M,LYG_GU_ZX_大站村_BBU3_FL,118.951651,34.758389,504,340,,农村,宏站,室外
赣榆区沙河镇颜庄村,赣榆区,540693_11,320712,14610946,540693,11,LYG_GU_ZX_沙河镇颜庄村_FL9_A_1,11,330,20978,8,909.5,954.5,10M,LYG_GU_ZX_沙河_BBU4_FL,118.955333,34.726557,153,25,,农村,宏站,室外
赣榆区沙河镇颜庄村,赣榆区,540693_21,320712,14610946,540693,21,LYG_GU_ZX_沙河镇颜庄村_FL9_B_1,21,331,20978,8,909.5,954.5,10M,LYG_GU_ZX_沙河_BBU4_FL,118.955333,34.726557,156,110,,农村,宏站,室外
赣榆区沙河镇颜庄村,赣榆区,540693_31,320712,14610946,540693,31,LYG_GU_ZX_沙河镇颜庄村_FL9_C_1,31,332,20978,8,909.5,954.5,10M,LYG_GU_ZX_沙河_BBU4_FL,118.955333,34.726557,159,255,,农村,宏站,室外
苏班汽贸,赣榆区,540701_71,320712,14610954,540701,71,LYG_GU_ZX_苏班汽贸_FL9_A_1,71,306,20978,8,909.5,954.5,10M,LYG_GU_ZX_古城_BBU5_FL,118.841418,34.861571,81,30,,农村,宏站,室外
苏班汽贸,赣榆区,540701_81,320712,14610954,540701,81,LYG_GU_ZX_苏班汽贸_FL9_B_1,81,307,20978,8,909.5,954.5,10M,LYG_GU_ZX_古城_BBU5_FL,118.841418,34.861571,84,150,,农村,宏站,室外
苏班汽贸,赣榆区,540701_91,320712,14610954,540701,91,LYG_GU_ZX_苏班汽贸_FL9_C_1,91,308,20978,8,909.5,954.5,10M,LYG_GU_ZX_古城_BBU5_FL,118.841418,34.861571,87,240,,农村,宏站,室外
赣榆塔山刘岭机房-落地三管塔,赣榆区,540708_11,320712,14610961,540708,11,LYG_GU_ZX_塔山刘岭_FL9_A_1,11,328,20978,8,909.5,954.5,10M,LYG_GU_ZX_土城南_BBU5_FL,119.030881,34.939831,147,0,,农村,宏站,室外
赣榆塔山刘岭机房-落地三管塔,赣榆区,540708_21,320712,14610961,540708,21,LYG_GU_ZX_塔山刘岭_FL9_B_1,21,329,20978,8,909.5,954.5,10M,LYG_GU_ZX_土城南_BBU5_FL,119.030881,34.939831,150,120,,农村,宏站,室外
赣榆塔山刘岭机房-落地三管塔,赣榆区,540708_31,320712,14610961,540708,31,LYG_GU_ZX_塔山刘岭_FL9_C_1,31,327,20978,8,909.5,954.5,10M,LYG_GU_ZX_土城南_BBU5_FL,119.030881,34.939831,144,240,,农村,宏站,室外
赣榆区柘汪镇侍家庄,赣榆区,540706_11,320712,14610959,540706,11,LYG_GU_ZX_柘汪镇侍家庄_FL9_A_1,11,288,20978,8,909.5,954.5,10M,LYG_GU_ZX_四草城_BBU3_FL,119.174646,35.070672,27,10,,农村,宏站,室外
赣榆区柘汪镇侍家庄,赣榆区,540706_21,320712,14610959,540706,21,LYG_GU_ZX_柘汪镇侍家庄_FL9_B_1,21,289,20978,8,909.5,954.5,10M,LYG_GU_ZX_四草城_BBU3_FL,119.174646,35.070672,30,130,,农村,宏站,室外
赣榆区柘汪镇侍家庄,赣榆区,540706_31,320712,14610959,540706,31,LYG_GU_ZX_柘汪镇侍家庄_FL9_C_1,31,290,20978,8,909.5,954.5,10M,LYG_GU_ZX_四草城_BBU3_FL,119.174646,35.070672,33,240,,农村,宏站,室外
赣榆区班庄镇介沟村,赣榆区,540701_11,320712,14610954,540701,11,LYG_GU_ZX_庄镇介沟村_FL9_A_1,11,474,20978,8,909.5,954.5,10M,LYG_GU_ZX_古城_BBU5_FL,118.824021,34.856293,36,0,,农村,宏站,室外
赣榆区班庄镇介沟村,赣榆区,540701_21,320712,14610954,540701,21,LYG_GU_ZX_庄镇介沟村_FL9_B_1,21,475,20978,8,909.5,954.5,10M,LYG_GU_ZX_古城_BBU5_FL,118.824021,34.856293,39,120,,农村,宏站,室外
赣榆区班庄镇介沟村,赣榆区,540701_31,320712,14610954,540701,31,LYG_GU_ZX_庄镇介沟村_FL9_C_1,31,476,20978,8,909.5,954.5,10M,LYG_GU_ZX_古城_BBU5_FL,118.824021,34.856293,42,240,,农村,宏站,室外
灌云白蚬陈庄（连淮扬镇-向阳傅庄搬迁）,灌云县,540723_71,320714,14611465,540723,71,LYG_GY_ZX_白蚬陈庄_FL9_A_1,71,336,20464,8,909.5,954.5,10M,LYG_GY_ZX_白蚬_BBU2_FL,119.318698,34.342668,171,20,,农村,宏站,室外
灌云白蚬陈庄（连淮扬镇-向阳傅庄搬迁）,灌云县,540723_81,320714,14611465,540723,81,LYG_GY_ZX_白蚬陈庄_FL9_B_1,81,337,20464,8,909.5,954.5,10M,LYG_GY_ZX_白蚬_BBU2_FL,119.318698,34.342668,174,90,,农村,宏站,室外
灌云白蚬陈庄（连淮扬镇-向阳傅庄搬迁）,灌云县,540723_91,320714,14611465,540723,91,LYG_GY_ZX_白蚬陈庄_FL9_C_1,91,338,20464,8,909.5,954.5,10M,LYG_GY_ZX_白蚬_BBU2_FL,119.318698,34.342668,177,260,,农村,宏站,室外
白蚬玉兴,灌云县,540723_41,320714,14611465,540723,41,LYG_GY_ZX_白蚬玉兴_FL9_A_1,41,405,20464,8,909.5,954.5,10M,LYG_GY_ZX_白蚬_BBU2_FL,119.349653,34.333203,378,9,,农村,宏站,室外
白蚬玉兴,灌云县,540723_51,320714,14611465,540723,51,LYG_GY_ZX_白蚬玉兴_FL9_B_1,51,406,20464,8,909.5,954.5,10M,LYG_GY_ZX_白蚬_BBU2_FL,119.349653,34.333203,381,90,,农村,宏站,室外
白蚬玉兴,灌云县,540723_61,320714,14611465,540723,61,LYG_GY_ZX_白蚬玉兴_FL9_C_1,61,407,20464,8,909.5,954.5,10M,LYG_GY_ZX_白蚬_BBU2_FL,119.349653,34.333203,384,270,,农村,宏站,室外
灌云县北蚬乡董玉兴庄,灌云县,540723_11,320714,14611465,540723,11,LYG_GY_ZX_北蚬乡董玉兴庄_FL9_A_1,11,447,20464,8,909.5,954.5,10M,LYG_GY_ZX_白蚬_BBU2_FL,119.318101,34.320301,504,0,,农村,宏站,室外
灌云县北蚬乡董玉兴庄,灌云县,540723_21,320714,14611465,540723,21,LYG_GY_ZX_北蚬乡董玉兴庄_FL9_B_1,21,448,20464,8,909.5,954.5,10M,LYG_GY_ZX_白蚬_BBU2_FL,119.318101,34.320301,507,95,,农村,宏站,室外
灌云县北蚬乡董玉兴庄,灌云县,540723_31,320714,14611465,540723,31,LYG_GY_ZX_北蚬乡董玉兴庄_FL9_C_1,31,449,20464,8,909.5,954.5,10M,LYG_GY_ZX_白蚬_BBU2_FL,119.318101,34.320301,510,275,,农村,宏站,室外
下车戴庄,灌云县,540731_11,320714,14611472,540731,11,LYG_GY_ZX_下车戴庄_FL9_A_1,11,429,20464,8,909.5,954.5,10M,LYG_GY_ZX_下车_BBU6_FL,119.321693,34.366101,450,0,,农村,宏站,室外
下车戴庄,灌云县,540731_21,320714,14611472,540731,21,LYG_GY_ZX_下车戴庄_FL9_B_1,21,430,20464,8,909.5,954.5,10M,LYG_GY_ZX_下车_BBU6_FL,119.321693,34.366101,453,120,,农村,宏站,室外
下车戴庄,灌云县,540731_31,320714,14611472,540731,31,LYG_GY_ZX_下车戴庄_FL9_C_1,31,431,20464,8,909.5,954.5,10M,LYG_GY_ZX_下车_BBU6_FL,119.321693,34.366101,456,240,,农村,宏站,室外
灌云县下车镇东何庄南,灌云县,540725_11,320714,14611467,540725,11,LYG_GY_ZX_下车镇东何庄南_FL9_A_1,11,294,20464,8,909.5,954.5,10M,LYG_GY_ZX_下车仲集_BBU1_FL,119.282697,34.398127,45,0,,农村,宏站,室外
灌云县下车镇东何庄南,灌云县,540725_21,320714,14611467,540725,21,LYG_GY_ZX_下车镇东何庄南_FL9_B_1,21,295,20464,8,909.5,954.5,10M,LYG_GY_ZX_下车仲集_BBU1_FL,119.282697,34.398127,48,120,,农村,宏站,室外
灌云县下车镇东何庄南,灌云县,540725_31,320714,14611467,540725,31,LYG_GY_ZX_下车镇东何庄南_FL9_C_1,31,296,20464,8,909.5,954.5,10M,LYG_GY_ZX_下车仲集_BBU1_FL,119.282697,34.398127,51,230,,农村,宏站,室外
灌云小伊吴郑宏站型,灌云县,540729_11,320714,14611471,540729,11,LYG_GY_ZX_小伊吴郑_FL9_A_1,11,460,20464,8,909.5,954.5,10M,LYG_GY_ZX_小郑庄西_BBU5_FL,119.217001,34.416001,543,95,,农村,宏站,室外
灌云小伊吴郑宏站型,灌云县,540729_21,320714,14611471,540729,21,LYG_GY_ZX_小伊吴郑_FL9_B_1,21,461,20464,8,909.5,954.5,10M,LYG_GY_ZX_小郑庄西_BBU5_FL,119.217001,34.416001,546,220,,农村,宏站,室外
灌云小伊吴郑宏站型,灌云县,540729_31,320714,14611471,540729,31,LYG_GY_ZX_小伊吴郑_FL9_C_1,31,459,20464,8,909.5,954.5,10M,LYG_GY_ZX_小郑庄西_BBU5_FL,119.217001,34.416001,540,355,,农村,宏站,室外
沂北新圩,灌云县,540727_11,320714,14611469,540727,11,LYG_GY_ZX_沂北新圩_FL9_A_1,11,351,20464,8,909.5,954.5,10M,LYG_GY_ZX_沂北新庄_BBU1_FL,119.489799,34.278698,216,30,,农村,宏站,室外
沂北新圩,灌云县,540727_21,320714,14611469,540727,21,LYG_GY_ZX_沂北新圩_FL9_B_1,21,353,20464,8,909.5,954.5,10M,LYG_GY_ZX_沂北新庄_BBU1_FL,119.489799,34.278698,222,250,,农村,宏站,室外
沂北新圩,灌云县,540727_31,320714,14611469,540727,31,LYG_GY_ZX_沂北新圩_FL9_C_1,31,352,20464,8,909.5,954.5,10M,LYG_GY_ZX_沂北新庄_BBU1_FL,119.489799,34.278698,219,300,,农村,宏站,室外
新海浦南赵巷,海州区,540759_11,320715,14610688,540759,11,LYG_HZ_ZX_新海浦南赵巷_FL_A_1,11,462,20981,8,909.5,954.5,10M,LYG_HZ_ZX_浦南2_BBU3_FL,119.136261,34.614961,549,0,,农村,宏站,室外
新海浦南赵巷,海州区,540759_21,320715,14610688,540759,21,LYG_HZ_ZX_新海浦南赵巷_FL_B_1,21,463,20981,8,909.5,954.5,10M,LYG_HZ_ZX_浦南2_BBU3_FL,119.136261,34.614961,552,120,,农村,宏站,室外
新海浦南赵巷,海州区,540759_31,320715,14610688,540759,31,LYG_HZ_ZX_新海浦南赵巷_FL_C_1,31,464,20981,8,909.5,954.5,10M,LYG_HZ_ZX_浦南2_BBU3_FL,119.136261,34.614961,555,240,,农村,宏站,室外
赣榆马庄,赣榆区,540705_11,320715,14610958,540705,11,LYG_GU_ZX_赣榆马庄_FL9_A_1,11,300,20978,8,909.5,954.5,10M,LYG_GU_ZX_龙王庙_BBU4_FL,119.186285,34.975727,63,0,,农村,宏站,室外
赣榆马庄,赣榆区,540705_21,320715,14610958,540705,21,LYG_GU_ZX_赣榆马庄_FL9_B_1,21,301,20978,8,909.5,954.5,10M,LYG_GU_ZX_龙王庙_BBU5_FL,119.186285,34.975727,66,120,,农村,宏站,室外
赣榆马庄,赣榆区,540705_31,320715,14610958,540705,31,LYG_GU_ZX_赣榆马庄_FL9_C_1,31,302,20978,8,909.5,954.5,10M,LYG_GU_ZX_龙王庙_BBU6_FL,119.186285,34.975727,69,240,,农村,宏站,室外
